Voltage,Current,V_Real,V_Imag,C_Real,C_Imag
-1546.987305,-1223.667969,0.000000,0,0.000000,0
-1308.987305,-1505.667969,-9787.483398,-246.097610,-8510.322266,-1207.691895
-1564.987305,-1600.667969,-7989.022949,3329.305908,-6788.574219,74.097778
-1688.987305,-1651.667969,-8196.132812,811.292603,-7184.228027,1634.904053
-1599.987305,-1678.667969,-10719.065430,-466.282562,-8688.336914,-1478.876465
-1473.987305,-1541.667969,-9963.875977,-2664.543213,-12380.190430,-204.598328
-1319.987305,-1398.667969,-12717.912109,3223.733398,-9940.625977,1300.961670
-1107.987305,-1236.667969,-8468.851562,-35.452026,-13014.115234,2932.327637
-899.987305,-1005.667969,-10022.677734,1322.447998,-9220.306641,-176.530151
-354.987305,-503.667969,-10317.788086,582.215149,-11182.801758,-3959.065918
-71.987305,-213.667969,-10313.181641,1383.960571,-10426.572266,1641.699463
126.012695,73.332031,-12243.455078,-347.642761,-11080.081055,-783.821289
638.012695,376.332031,-10867.891602,1119.883789,-10243.251953,1117.810547
1055.012695,640.332031,-9108.848633,-247.118774,-11657.314453,781.896240
1075.012695,1138.332031,-12186.863281,344.557251,-14382.708008,2632.512207
1411.012695,1336.332031,-12054.537109,-917.430542,-9607.915039,-1604.739624
1564.012695,1496.332031,-12160.574219,-959.239014,-12020.229492,-1739.900146
1662.012695,1620.332031,-13434.404297,-2034.476807,-11240.674805,786.298950
1696.012695,1711.332031,-14135.806641,-4713.068359,-12997.150391,1708.688477
1518.012695,1683.332031,-15598.335938,-46.197968,-14553.351562,-935.947144
1697.012695,1603.332031,-12640.448242,2864.984375,-12582.423828,-391.437378
1375.012695,1484.332031,-14911.457031,2229.918701,-14538.821289,-1305.514282
952.012695,1304.332031,-15322.238281,-1333.413696,-15665.867188,2665.773682
729.012695,845.332031,-17522.359375,-69.225586,-16882.093750,-1663.038574
447.012695,601.332031,-20116.464844,-1539.550293,-15971.693359,3450.797363
175.012695,322.332031,-21927.582031,-1833.684082,-22476.503906,2741.086426
-118.987305,30.332031,-22530.068359,-2169.145020,-22468.273438,870.343018
-677.987305,-527.667969,-26197.986328,22.910889,-26783.914062,2943.228516
-1074.987305,-812.667969,-29347.343750,-2634.585449,-31342.687500,568.910400
-1167.987305,-1229.667969,-32332.273438,-1505.743896,-37738.011719,-133.845459
-1345.987305,-1122.667969,-39723.058594,-5540.052734,-39860.414062,2341.640625
-1619.987305,-1373.667969,-57288.890625,-1933.944336,-54495.718750,2785.191406
-1674.987305,-1648.667969,-76368.046875,-3300.733887,-78618.867188,4486.137207
-1690.987305,-1678.667969,-139897.500000,-7470.070312,-140938.250000,8708.333008
-1633.987305,-1660.667969,-809229.937500,-47789.492188,-808811.500000,33883.070312
-1554.987305,-1597.667969,208952.609375,14603.074219,209776.906250,-6810.619141
-1171.987305,-1332.667969,90849.484375,7242.008789,90369.843750,-4196.256836
-1006.987305,-1166.667969,57859.417969,2537.953613,56593.195312,-3599.948730
-800.987305,-912.667969,40405.605469,3507.214844,45489.750000,-4064.227539
-636.987305,-654.667969,34382.328125,1748.582031,30276.488281,-2010.316895
59.012695,-381.667969,27075.533203,1908.609863,28154.279297,885.489014
320.012695,212.332031,22905.039062,-942.493652,23522.943359,-2657.677734
613.012695,482.332031,17334.785156,2885.559326,18845.777344,-1145.900879
878.012695,729.332031,16812.011719,-1625.277466,17083.390625,-4684.016602
1087.012695,990.332031,12807.021484,833.704956,13695.256836,-2347.109375
1480.012695,1408.332031,13982.558594,359.016602,16313.051758,1925.853760
1599.012695,1551.332031,9918.498047,471.308594,12502.814453,1847.794434
1669.012695,1664.332031,12990.083984,455.457397,9915.324219,1476.433594
1708.012695,1709.332031,10357.404297,3026.996094,8072.652832,-3230.605957
1614.012695,1698.332031,12160.947266,1696.604370,8593.054688,349.588623
1461.012695,1553.332031,11907.835938,-2632.933838,8183.714844,918.994019
1318.012695,1422.332031,6350.374023,71.504333,6895.374023,-420.177612
1117.012695,1216.332031,10890.531250,1844.676270,9179.054688,-1164.794189
888.012695,1014.332031,7419.076660,670.785889,8721.079102,-305.972412
332.012695,648.332031,5577.941406,293.614624,4260.462891,195.625610
61.012695,381.332031,4905.545898,1182.374634,2691.775879,-1487.049438
-241.987305,-100.667969,6159.796875,396.412048,6767.983398,69.359924
-609.987305,-377.667969,4788.436523,-817.280396,9179.277344,-3263.344727
-1038.987305,-653.667969,6941.613281,759.176514,5715.812500,323.374573
-1224.987305,-1133.667969,5009.895020,2449.837158,7304.773438,-1066.201660
-1569.987305,-1328.667969,7250.193848,1292.243164,5224.530273,-2.802734
-1406.987305,-1488.667969,3539.854492,761.858459,2777.949463,784.883545
-1642.987305,-1601.667969,3297.291992,483.754089,1565.641724,-2307.540527
-1681.987305,-1648.667969,4164.266602,2246.757324,6924.024414,488.836426
-1619.987305,-1646.667969,4863.462891,1332.831299,5736.599609,-939.721191
-1455.987305,-1549.667969,6132.996094,-957.000488,3854.031250,-1723.961060
-1359.987305,-1437.667969,2871.151123,-130.359009,4181.037109,-1824.698853
-929.987305,-1261.667969,2221.961426,-1302.176514,3495.728271,-103.708740
-671.987305,-802.667969,5236.328125,-980.979492,3479.841553,3452.823730
-400.987305,-539.667969,2651.996094,-817.881470,986.770996,19.652283
-126.987305,-264.667969,-334.661133,-2208.149902,-157.958252,-627.859985
165.012695,25.332031,625.739075,2555.680176,5074.656250,-441.656433
739.012695,600.332031,3109.945312,2689.641846,3048.175781,170.762909
820.012695,855.332031,3016.023438,1601.811768,1710.704712,-2981.652832
1182.012695,1095.332031,-47.969971,1765.083496,3675.746582,1261.297852
1390.012695,1324.332031,3529.958984,-517.924683,1545.246582,321.493256
1652.012695,1477.332031,304.005035,7.718994,3763.088867,-1999.778076
1697.012695,1683.332031,4645.400391,457.771912,1081.661255,-4117.210938
1709.012695,1711.332031,2490.480957,6.546692,757.850098,-653.082092
1655.012695,1696.332031,7227.384277,5234.885742,-1616.004150,-3423.833008
2093.012695,1641.332031,1347.430420,-7653.716797,5376.928711,5054.903320
1246.012695,1336.332031,1724.674805,-467.480896,2375.510742,1575.155029
1016.012695,1139.332031,595.514404,-802.232605,3553.814453,-767.757935
776.012695,899.332031,1150.018066,-1232.735962,62.830811,-539.850830
515.012695,656.332031,3130.083740,1739.465454,1509.326172,-1316.088135
-66.987305,365.332031,2834.102783,549.875122,2572.093018,-2585.914795
-354.987305,-182.667969,1671.996826,-352.398254,6146.958496,2942.139404
-639.987305,-285.667969,-309.790375,308.981873,2216.569824,-949.432983
-892.987305,-797.667969,2318.270996,3115.411133,1477.825195,1780.646973
-1120.987305,-1157.667969,1102.954102,-1402.304932,2207.638184,1327.286133
-1478.987305,-1469.667969,5049.596191,-710.258545,-251.060303,1753.489014
-1632.987305,-1532.667969,-1023.088867,511.417480,3436.857178,123.273926
-1665.987305,-1636.667969,4705.070312,251.221039,1243.565186,-134.292480
-1686.987305,-1677.667969,1173.395020,-1992.319336,147.343628,1482.905762
-1569.987305,-1661.667969,104.890137,394.401611,1597.031738,356.259827
-1405.987305,-1501.667969,422.411438,-2924.339844,629.121948,768.452942
-1281.987305,-1363.667969,1273.342529,-714.740845,3578.204590,-3134.217285
-1093.987305,-1163.667969,2668.891602,-1851.655762,-825.321228,360.285217
-865.987305,-946.667969,143.230713,102.015503,1486.177979,-2576.254639
-289.987305,-429.667969,1990.085938,1060.285278,2774.903320,-5001.147461
-7.987305,-138.667969,1760.526978,-1479.202026,3684.358643,-256.243713
300.012695,146.332031,2899.505859,3097.545654,2150.424316,1358.350220
579.012695,428.332031,840.736145,-781.749268,-674.752502,-279.963745
1137.012695,720.332031,3610.000732,-1228.680298,2057.289551,-1666.699829
1281.012695,1186.332031,694.964844,-2712.774902,633.174072,136.294861
1460.012695,1387.332031,763.814819,-33.944122,2459.320801,1495.042358
1595.012695,1531.332031,-398.872253,-1258.492310,1576.173096,-1821.596436
1679.012695,1561.332031,1743.426880,-1405.176514,2774.187256,1118.378906
1689.012695,1725.332031,945.030640,1427.617676,1385.283936,1937.715698
1628.012695,1694.332031,3322.025391,603.470703,407.842651,-1037.811279
1508.012695,1623.332031,1315.684204,-1393.677490,796.798706,-793.217529
1349.012695,1435.332031,2159.604980,327.798645,1243.076050,446.693115
919.012695,1261.332031,1741.122925,608.952698,162.461060,-537.580933
656.012695,810.332031,-1515.386230,2743.156250,2925.922852,-1209.830566
383.012695,530.332031,2035.150146,2553.304199,4101.072754,621.244934
-4.987305,251.332031,1414.030151,-455.026001,-483.597168,477.966675
-225.987305,-35.667969,-384.623718,-592.264771,-1387.895508,199.696838
-1073.987305,-598.667969,3960.935547,-1645.531006,1200.270630,-918.725464
-931.987305,-868.667969,1526.813965,1014.198120,-24.252502,-127.416992
-1218.987305,-1101.667969,183.286987,11.167358,4041.310059,404.872009
-1367.987305,-1303.667969,444.245422,-77.982361,1411.647705,1535.055176
-1636.987305,-1470.667969,603.341003,719.055664,2543.452148,-2343.394043
-1670.987305,-1650.667969,1274.625000,-1346.984863,-2041.623047,71.462585
-1679.987305,-1677.667969,-2276.752930,-3035.576660,-2592.422852,517.157776
-1623.987305,-1689.667969,-1877.481079,2133.028809,1059.715088,1332.488525
-1525.987305,-1564.667969,618.992065,-1571.145508,2150.952637,-1867.585327
-1195.987305,-1092.667969,-832.110596,3551.111328,-959.670776,-1503.520874
-963.987305,-1086.667969,1027.705811,-3564.508301,2094.994629,-2886.278809
-706.987305,-842.667969,1673.874268,133.230408,1093.921021,1165.478516
-456.987305,-595.667969,3431.444824,-2284.322754,3075.929688,1733.871460
119.012695,-317.667969,1267.465820,818.065674,4424.151855,1459.128296
389.012695,261.332031,1294.236572,-640.437805,1913.270874,-365.666321
684.012695,576.332031,29.199341,-1479.450928,2961.484619,-2291.944336
944.012695,818.332031,-34.378479,1191.300415,3153.979492,-417.124512
1168.012695,960.332031,-48.448486,974.214478,-1748.736572,2212.468506
1508.012695,1457.332031,561.076416,-1566.280518,1752.303589,-341.814697
1642.012695,1580.332031,1354.740967,-336.226074,-433.510498,1495.192383
1703.012695,1661.332031,-1190.232666,2235.392822,665.368896,-122.131592
1708.012695,1711.332031,1636.716919,-1393.463379,-4201.532227,-1671.133423
1629.012695,1705.332031,1352.198486,1986.691528,111.408569,407.369324
1401.012695,1526.332031,-1012.699036,-1923.348877,989.949097,-3381.624512
1393.012695,1378.332031,1373.366455,1489.772705,567.763916,-2103.238770
1218.012695,1173.332031,2114.408203,-1435.831299,3315.517822,-548.663635
815.012695,947.332031,-1417.918701,730.508362,1196.947998,1020.945679
266.012695,409.332031,359.755371,-18.932983,3067.467041,656.358032
-17.987305,135.332031,143.370087,203.276276,-3023.677002,-411.666199
-310.987305,-152.667969,2704.439453,836.668823,1805.105469,115.716675
-582.987305,-446.667969,-557.561523,-3647.376465,4172.451172,-62.777893
-1089.987305,-715.667969,-2144.981934,9063.362305,-2443.912109,-4342.676758
-1281.987305,-1187.667969,3058.509033,-106.037170,-1362.871582,336.085266
-1457.987305,-1382.667969,259.862305,2294.254883,1634.913818,-447.453552
-1578.987305,-1635.667969,520.033691,-437.751526,284.790039,3274.903809
-1655.987305,-1613.667969,-353.241150,1414.692871,608.786011,32.918396
-1652.987305,-1668.667969,1059.576782,1736.299805,-307.825134,208.825439
-1601.987305,-1616.667969,1116.032715,-1851.641235,2177.378174,-1197.098389
-1470.987305,-1539.667969,-1154.132202,-4556.657715,3197.675781,130.475220
-1303.987305,-1388.667969,337.738220,121.563049,125.074585,401.158997
-1120.987305,-1223.667969,1458.318115,-2228.922852,36.639771,-154.967651
-572.987305,-744.667969,411.101196,1738.251587,643.534668,574.173340
-346.987305,-480.667969,-341.322052,-121.285278,-952.226440,-79.995308
-52.987305,-189.667969,1302.211426,-297.877991,1165.190063,-2145.433594
133.012695,99.332031,1043.975586,2632.620605,1510.660034,1509.487061
843.012695,652.332031,1336.925049,-1049.555908,-413.349426,3252.378906
1022.012695,928.332031,1028.511963,1555.192871,1812.189209,1044.124878
851.012695,1152.332031,-1080.820801,2728.251709,-29.218811,1281.362793
1435.012695,1356.332031,1108.640015,-44.003601,339.491760,625.461182
1664.012695,1505.332031,1696.238770,913.543335,-1095.774048,142.415955
1701.012695,1703.332031,315.549072,-1361.392578,578.025085,368.713013
1693.012695,1325.332031,272.863037,-1013.836975,-729.890503,-550.965698
1649.012695,1676.332031,409.213074,689.754822,3641.599609,-801.284546
1533.012695,1601.332031,1238.523804,942.382263,343.380005,-2696.330322
1186.012695,1282.332031,-126.650360,41.776428,461.543762,-1369.541382
969.012695,1089.332031,-984.608887,160.530396,-1826.562500,324.226440
704.012695,847.332031,-759.685547,1740.405762,3055.027344,367.319336
236.012695,578.332031,1476.356445,-2604.353516,2453.141357,-643.028809
-191.987305,295.332031,-3922.640869,-2239.861328,2118.713135,979.261597
-417.987305,-269.667969,93.833191,-128.095093,398.583496,1771.189697
-703.987305,-560.667969,-1878.991211,-537.182495,-1888.703613,1775.942017
-947.987305,-833.667969,3598.534424,1488.337646,-38.005997,3441.785156
-1185.987305,-1054.667969,-327.035217,-1260.761597,-32.795959,32.933563
-1519.987305,-1430.667969,-859.694275,-489.523804,-162.900574,-1018.551147
-1617.987305,-1565.667969,556.296082,-1189.160767,-1033.792358,651.310059
-1670.987305,-1645.667969,-305.560852,-2214.407959,-4114.073730,-3093.466797
-1668.987305,-1768.667969,-538.324463,-45.211319,-219.963623,-403.712280
-1543.987305,-1705.667969,-2744.145020,-776.182251,-1208.179932,2531.560059
-1409.987305,-1979.667969,400.887146,1713.175781,341.001709,2090.529541
-1233.987305,-1261.667969,-2271.677002,354.606201,1887.517456,-1903.015259
-1009.987305,-1115.667969,-887.649902,-1993.822021,811.859436,1683.928589
-769.987305,-893.667969,-2527.065918,2063.101074,2939.309326,525.787109
-225.987305,-358.667969,1459.793213,-166.059998,1250.317627,1750.733154
63.012695,-76.667969,-1431.560303,1211.064819,-476.624023,3752.447754
351.012695,223.332031,-196.650482,2562.385010,-1284.812622,3400.255371
633.012695,355.332031,-5602.872070,263.321594,-1778.341675,7659.219238
1133.012695,818.332031,-17334.185547,7215.391602,-12247.302734,13070.324219
1344.012695,1269.332031,10645.563477,-4902.979492,6656.185547,-6761.235352
1497.012695,1429.332031,3334.942139,-2531.813477,1988.828369,-3619.194580
1618.012695,1567.332031,4655.153809,664.026001,-681.966187,-1730.376709
1694.012695,1666.332031,1970.366943,-3116.361816,4023.895752,-3185.521729
1569.012695,1698.332031,2419.059570,-478.916687,1640.564697,1432.157837
1593.012695,1663.332031,-100.815247,-1409.560913,-1263.808960,96.848145
1469.012695,1539.332031,1939.243774,-716.994324,-733.699219,-1554.205566
1069.012695,1397.332031,1153.431396,1461.835327,1163.176025,-2818.153076
855.012695,1220.332031,605.373657,717.965881,2307.441650,-1162.758789
606.012695,736.332031,1073.115356,-944.559570,2334.609375,1106.271484
303.012695,466.332031,826.171448,-2571.738770,2955.316162,-587.247925
13.012695,187.332031,-824.494385,-1370.980957,104.157471,-1475.793945
-247.987305,-112.667969,3123.706787,-3142.101562,-1919.896606,-53.116364
-794.987305,-690.667969,696.273071,-1353.305176,-733.794983,116.496613
-1045.987305,-922.667969,764.756226,-3086.819824,1013.978333,-1976.530518
-1250.987305,-1517.667969,1502.639282,-2025.170776,775.004517,-655.010498
-1420.987305,-1361.667969,925.188110,-728.300659,-668.902466,-1387.213379
-1652.987305,-1498.667969,-326.590668,-1413.623535,1322.719238,-560.921265
-1686.987305,-1654.667969,-1528.766113,1340.036255,-298.073853,-161.831909
-1671.987305,-1686.667969,-1226.864746,-692.239502,-453.018921,-1737.491333
-1706.987305,-1625.667969,919.393677,1226.412354,-827.230591,-4012.388672
-1530.987305,-1544.667969,550.660889,1420.093994,801.252319,-1394.174561
-1265.987305,-1236.667969,1872.088379,-966.919617,672.628784,-4357.674805
-981.987305,-1037.667969,1541.984619,-1933.219727,3691.543701,3867.806396
-655.987305,-786.667969,1144.180298,1886.425537,-333.129272,-431.705200
-385.987305,-520.667969,-1121.489380,-1885.393311,-7.573181,1729.887085
157.012695,-237.667969,811.376709,-137.112793,546.184937,15.165649
466.012695,327.332031,1890.819336,367.458191,-1811.130859,2042.486816
701.012695,624.332031,-2573.665527,-1450.512329,314.086792,2272.921631
992.012695,872.332031,987.288086,2443.517090,-143.802322,226.981445
1217.012695,1115.332031,-1598.067383,-1270.612671,-612.483032,-654.990112
1545.012695,1475.332031,-1834.553711,1844.968506,166.014038,-793.039673
1631.012695,1618.332031,-576.777771,-660.991943,-1183.442261,-407.623871
1695.012695,1685.332031,476.637146,-182.088379,2378.849609,-2385.052246
1691.012695,1714.332031,2239.938965,1090.799316,391.649445,-1443.319580
1553.012695,1692.332031,-1930.867188,672.602356,-509.663483,-2535.133301
1411.012695,1449.332031,168.854248,1127.187866,2044.187256,-2967.162354
1197.012695,1332.332031,1688.143066,2325.030273,2401.147217,410.379822
1005.012695,1119.332031,496.603882,-1748.170166,-592.414917,-320.102234
751.012695,657.332031,466.589142,-3353.855469,202.960754,2162.480225
205.012695,347.332031,776.142700,886.011841,3549.376465,-651.137146
-89.987305,63.332031,-73.661758,-2109.871094,377.168640,637.833984
-376.987305,-242.667969,-472.734558,-284.141174,982.060303,-636.840088
-652.987305,-514.667969,-3279.378418,-1170.527466,120.601440,-1730.784180
-1124.987305,-782.667969,2662.216064,2451.271973,318.346436,-9.179993
-1330.987305,-1233.667969,963.359009,-321.531799,-272.798950,-1519.514404
-1490.987305,-1405.667969,289.342102,-630.694336,-1686.211182,1863.153198
-1492.987305,-1549.667969,1102.271362,339.522949,2878.037354,-937.780701
-1665.987305,-1622.667969,1917.236450,856.229736,-2352.921387,-97.655945
-1617.987305,-1661.667969,766.507935,329.613525,723.041138,-2430.095215
-1559.987305,-1607.667969,815.721497,-397.588989,674.468445,-3610.148926
-1436.987305,-1494.667969,1274.686646,277.802124,2888.547363,2157.685059
-1264.987305,-1348.667969,1498.838745,-391.453491,-1555.829224,418.955139
-808.987305,-1166.667969,981.439575,-751.153503,1682.704590,-1660.896240
-566.987305,-694.667969,2712.051270,-3506.891357,1493.252808,-3335.531738
-267.987305,-408.667969,320.344971,186.170166,-691.368103,-1171.080688
14.012695,-115.667969,55.021484,3703.847656,1060.521973,-2740.269531
312.012695,162.332031,1890.230469,28.969604,-3224.868652,954.512207
842.012695,715.332031,-767.688232,-520.050171,2438.622559,69.497437
1563.012695,974.332031,1478.065430,-925.649841,1602.322998,-1362.132568
1313.012695,1216.332031,-2034.297607,-1696.647217,-1580.890625,-1447.885010
1464.012695,1394.332031,3860.133301,-500.016479,-2713.452148,-1859.416992
1669.012695,1665.332031,471.000000,-1506.000000,558.000000,70.000000
1697.012695,1711.332031,323.797485,-1059.199341,1299.918091,-2170.588867
1711.012695,1714.332031,4473.136719,-766.346436,2930.203613,-1881.024658
1620.012695,1666.332031,2775.629883,-2396.453613,2860.813232,-1488.058105
1493.012695,1570.332031,4623.776367,-3560.728516,2653.236816,-3057.715820
1163.012695,1244.332031,4988.238281,-2295.055176,3692.276367,-5625.530273
947.012695,1031.332031,-20378.412109,5717.480469,-7121.122070,17851.531250
180.012695,797.332031,-5237.585938,2743.489746,-639.530579,3377.771973
437.012695,514.332031,-3649.128418,-955.749756,2594.097656,2192.310059
-195.987305,227.332031,-3394.712891,-790.920105,-2291.300293,3973.122314
-503.987305,-348.667969,1754.052856,1630.264038,919.407593,860.645813
-755.987305,-631.667969,-921.286987,718.642456,-3017.761230,1741.253784
-1009.987305,-883.667969,1613.704834,-2530.355469,668.196472,2385.000977
-1227.987305,-1113.667969,-1279.199829,-2455.998047,-1941.476440,-2181.688477
-1550.987305,-1453.667969,-434.211304,3471.024170,-346.886841,-1639.642578
-1630.987305,-1270.667969,1657.601929,-1582.490723,2795.246338,-1848.305176
-1687.987305,-1500.667969,-720.767151,-1935.920898,1221.006836,-465.125854
-1680.987305,-1678.667969,-1299.604614,-758.361267,1790.654907,-1588.208740
-1518.987305,-1658.667969,-1689.094482,1203.941406,-1691.662842,647.198181
-1361.987305,-1441.667969,-414.568970,-1743.694458,2954.662109,240.723694
-1180.987305,-1274.667969,-2190.938232,-31.186096,-1468.644287,-1857.332764
-984.987305,-1076.667969,422.734985,2571.972656,1301.430908,-567.595459
-713.987305,-828.667969,-144.176392,-243.926514,2660.174316,509.776184
-140.987305,-291.667969,-418.620819,-190.116455,45.571228,3621.305908
141.012695,18.332031,-1835.734985,-845.847412,1419.746948,-1379.665283
427.012695,290.332031,-2491.390137,963.336792,493.773193,749.286072
702.012695,561.332031,1165.640869,-90.935181,1724.369873,3002.055420
1181.012695,833.332031,-737.213928,841.033997,-1435.325806,-173.437012
1373.012695,1309.332031,-838.679321,-1550.816406,307.882782,405.297668
1518.012695,1455.332031,-1023.053162,-2520.788086,1025.760742,-1471.595215
1632.012695,1605.332031,-1585.770508,-2993.909912,-1693.856567,-145.214691
1830.012695,1673.332031,-1954.655273,-104.373291,1120.736938,-152.485016
1907.012695,1687.332031,570.172852,-1882.295288,-2502.581543,-1347.316284
1598.012695,1638.332031,-3615.333008,518.751465,-139.582443,1900.637695
1436.012695,1516.332031,531.103027,865.737671,-2367.915039,-934.218994
1262.012695,1360.332031,132.047913,840.313660,3860.701172,143.111816
798.012695,1159.332031,-2226.077881,-2131.497559,1169.932251,-1001.342163
535.012695,668.332031,-950.645386,-449.789795,-453.451233,2285.576660
252.012695,425.332031,-235.366821,2213.316162,1198.808960,-1156.134888
-36.987305,48.332031,121.212158,696.530762,1286.140869,3853.127197
-328.987305,-209.667969,-1027.963379,372.155579,3923.115723,609.584839
-855.987305,-724.667969,526.625732,-1095.654053,-2637.794922,-887.682861
-1114.987305,-1003.667969,4746.645508,-711.751770,944.228394,101.412109
-1311.987305,-1203.667969,-2216.965576,-1024.543457,-2566.827148,-2349.773438
-1464.987305,-1379.667969,-476.155945,2361.814941,2220.822266,4149.473145
-1662.987305,-1524.667969,-382.111725,1836.243164,3076.679199,1631.105103
-1697.987305,-1676.667969,-154.645508,2990.957520,-151.526001,88.550537
-1574.987305,-1671.667969,1363.638062,-561.735718,419.100616,-3565.471924
-1741.987305,-1654.667969,67.082886,-116.655640,-337.393250,-1639.014404
-1448.987305,-1531.667969,-726.366089,-2912.510254,992.792542,188.993683
-1095.987305,-1195.667969,73.968262,1181.343750,1007.165649,281.950348
-850.987305,-974.667969,5092.870117,9630.101562,-5607.189453,1385.185791
-600.987305,-733.667969,-83.246155,-1115.588867,2270.658447,1133.942749
-316.987305,-450.667969,1364.997925,1428.437256,609.951538,520.824890
535.012695,-168.667969,568.424438,-1682.081055,-509.706970,1173.151367
549.012695,408.332031,712.309692,455.042877,-1915.239014,-396.397217
813.012695,676.332031,-3284.949707,-1269.513672,-551.185181,799.189453
1381.012695,943.332031,-1020.937439,1089.598022,-2018.434204,-1175.302734
1271.012695,1163.332031,589.670288,-1431.115479,1991.916260,944.428101
1566.012695,1518.332031,-299.856506,1320.351562,-531.447998,-1249.126709
1657.012695,1621.332031,-1093.295532,5.295654,-1688.872192,1360.716064
1699.012695,1701.332031,152.181641,-774.738770,2426.342041,-1620.990967
1696.012695,1378.332031,2401.321289,-2474.667236,1985.947510,-815.555908
1525.012695,1682.332031,-888.580078,-277.072754,2595.825684,591.415527
1368.012695,1457.332031,2135.304688,-171.604065,131.465454,-520.130371
1175.012695,1282.332031,705.253296,-1472.054688,2364.236328,1295.739868
943.012695,1063.332031,-9.253174,-840.392700,-1609.665527,-1262.846069
650.012695,832.332031,-1275.143799,-394.010559,-116.763977,4442.976562
124.012695,279.332031,-1308.693848,-434.532959,1914.892334,-1278.358643
-257.987305,-12.667969,-969.956787,-3889.890381,342.588440,3368.482910
-448.987305,-296.667969,-2170.862061,1582.182007,457.362427,1616.175659
-711.987305,-579.667969,1723.055664,3215.311035,-1974.716064,1327.306396
-1188.987305,-834.667969,63.071777,2076.111816,1908.452881,1405.715454
-1375.987305,-1290.667969,-1323.033081,289.822937,-3369.095459,1684.804321
-1515.987305,-1450.667969,-209.175232,-826.449463,-2291.642090,2164.100586
-1623.987305,-1575.667969,-94.111694,1183.095337,-2236.421875,-3081.408203
-1683.987305,-1499.667969,-1396.817139,1928.638062,425.138245,-1143.457153
-1649.987305,-1683.667969,2262.317383,-449.535400,1178.701660,-695.946655
-1552.987305,-1686.667969,-442.646484,-1196.167725,-215.834152,-2136.080078
-1394.987305,-1476.667969,76.644226,-736.811035,1564.000244,1520.817261
-1207.987305,-1308.667969,-1058.809814,-1409.710693,1910.618652,-1008.806641
-743.987305,-1112.667969,-548.891846,-1534.516235,154.897034,423.776520
-486.987305,-615.667969,81.201477,-1055.337769,707.561768,-841.875732
-202.987305,-339.667969,-1076.985962,-214.915833,1159.764648,4519.687500
94.012695,-57.667969,223.228760,1051.552734,3583.719727,-1139.697144
370.012695,255.332031,-1140.751953,-760.144226,-831.364929,-615.756226
913.012695,828.332031,-1746.160767,-1282.816895,2965.347656,523.264404
1165.012695,1038.332031,-757.858337,2140.759766,-2247.037109,197.492798
1343.012695,1333.332031,729.043701,1670.665283,-957.540039,2241.672363
1509.012695,1429.332031,-1366.527344,-2247.989746,-910.357117,-4127.358887
1617.012695,1574.332031,1201.643799,-3517.461914,-124.971313,-1249.255371
1720.012695,1717.332031,2055.624756,1367.230713,883.690857,-3945.949463
1841.012695,1701.332031,3770.953613,-684.189636,-87.836853,3219.198730
1566.012695,1648.332031,-1792.779541,-766.359802,381.502136,-145.722809
1467.012695,1549.332031,430.059265,-3798.844971,806.599426,11.667969
1092.012695,1199.332031,-2243.837891,1600.762207,3635.704102,-290.809814
848.012695,960.332031,66.341370,1628.583496,-1231.376587,180.223633
605.012695,722.332031,474.051056,-1394.846802,-1218.405884,269.392395
297.012695,443.332031,686.444702,-1338.707886,-285.446289,814.245605
-275.987305,130.332031,-37.280579,354.045166,-166.545044,3286.960449
-562.987305,-396.667969,659.188049,858.554749,3.926880,245.704163
-812.987305,-656.667969,598.676636,-4617.868652,-2447.940430,-111.098267
-1062.987305,-940.667969,-661.528809,-1029.317749,-1572.749756,-514.001465
-1274.987305,-1163.667969,1366.612671,1574.526367,-1147.293945,-3765.718018
-1558.987305,-1502.667969,433.976746,815.670471,-728.754395,-1981.275879
-1654.987305,-1611.667969,-665.241333,-1330.188721,2393.554443,-1178.056030
-1830.987305,-1650.667969,-3514.763184,-1493.161499,1834.675537,2068.869141
-1636.987305,-1678.667969,-388.343994,-610.080017,2063.492676,292.281067
-1647.987305,-1623.667969,-1436.322632,-734.934570,-550.691956,-758.702026
-1348.987305,-1405.667969,-1042.987793,-1912.085938,1516.106445,-586.105530
-1137.987305,-1235.667969,-2175.083008,-968.201782,1168.416260,1232.438843
-909.987305,-1021.667969,-734.872437,456.647125,315.176025,769.089294
-648.987305,-771.667969,-167.254761,-744.892212,1966.458740,-215.261032
-84.987305,-216.667969,-1636.052002,840.477112,2322.823486,3954.726562
201.012695,66.332031,783.470032,-3801.429932,92.239502,-778.835632
493.012695,367.332031,138.611145,-759.639160,-1874.136719,2491.122070
766.012695,642.332031,855.722839,805.232483,426.952515,498.651611
1233.012695,897.332031,-2410.091553,-3176.719727,-3304.707520,-587.454041
1411.012695,1330.332031,-2668.265625,-3671.550293,3510.068115,-161.541382
1547.012695,1515.332031,-3293.701904,-6342.289062,5629.501953,-3310.165771
1648.012695,1458.332031,4277.225586,7237.976074,-5645.362305,-251.358948
1704.012695,1858.332031,-2532.607422,800.319824,-3255.092285,-4902.225586
1646.012695,1699.332031,-1115.058105,733.729492,-1864.152100,-1037.315186
1535.012695,1605.332031,306.584412,3661.101074,3612.237793,-2533.274414
1395.012695,1481.332031,1920.051392,2793.231201,569.169189,-15.197388
1211.012695,1313.332031,-2518.022217,725.642883,2133.809570,-1136.822754
651.012695,1113.332031,-1421.292969,2238.322266,-173.882324,-1177.247192
364.012695,532.332031,520.589722,2105.204590,-1051.654297,2024.928833
184.012695,333.332031,664.125732,-206.769592,234.079010,1357.478516
116.012695,45.332031,-316.620117,-761.505737,-1275.996338,1876.439941
-399.987305,-241.667969,1741.767578,-1115.183960,-813.045898,-1261.174927
-944.987305,-804.667969,-1634.201538,114.161926,-4559.807129,-468.258911
-1150.987305,-1037.667969,345.120728,804.766968,579.858337,-973.259094
-1345.987305,-1266.667969,-525.195679,2121.946777,511.012573,-1341.264404
-1499.987305,-1421.667969,-1336.279297,-2264.798340,-5.532410,512.652710
-1665.987305,-1602.667969,-331.234558,11.632019,-945.981445,-1792.093384
-1683.987305,-1677.667969,559.054260,43.603336,-1208.878662,-1639.675293
-1638.987305,-1872.667969,-3438.929688,1932.884155,2131.177246,-1861.944824
-1569.987305,-1628.667969,-6554.017090,529.269897,592.186707,794.605652
-1425.987305,-1487.667969,1510.897583,428.246338,2470.148926,17.156494
-1027.987305,-1142.667969,1713.878662,-322.465973,-2179.351074,888.791809
-797.987305,-920.667969,1800.411743,514.182617,3679.597168,1611.243530
-538.987305,-669.667969,-822.928467,-767.539917,-1673.258179,1034.194580
-256.987305,-398.667969,3651.372070,731.575073,-598.567017,2983.481934
322.012695,-93.667969,1537.459351,367.951721,-2418.614258,-2024.991821
597.012695,468.332031,-2381.247070,1334.607666,-307.648590,-2249.808838
865.012695,802.332031,-1401.409790,-1712.648926,2041.630737,-2320.903809
1113.012695,1132.332031,1507.911133,-370.701141,-2435.401855,-3.543701
1310.012695,1262.332031,850.939331,-128.529724,1819.726807,-454.807739
1609.012695,1792.332031,-739.293579,222.385803,-514.071533,-989.359863
1677.012695,1668.332031,2135.073486,929.621948,-267.172119,-739.434265
1726.012695,1705.332031,260.102539,-800.596191,3020.533691,-1218.679077
1673.012695,1705.332031,2145.955322,2395.227539,3123.376465,-1164.983643
1497.012695,1653.332031,1330.414795,1387.884155,567.289001,-225.185669
1316.012695,1423.332031,1047.705322,-2439.287598,1418.813477,2745.999512
1137.012695,1232.332031,-1189.058594,-312.544922,912.350830,-314.210083
1137.012695,1020.332031,799.292847,650.348755,700.207764,1081.979736
1006.012695,770.332031,340.993652,-74.895142,330.195312,664.163818
57.012695,213.332031,-1533.682861,2314.634277,-2762.024170,-1638.408936
-305.987305,-77.667969,515.801270,-1059.731934,-390.772034,-1236.313477
-613.987305,-366.667969,1187.778564,-1821.390747,746.319946,-153.480103
-774.987305,-647.667969,-850.185852,-643.020386,-2528.724609,624.036926
-1233.987305,-894.667969,-807.280762,-1725.684326,686.124573,-1841.716797
-1404.987305,-1324.667969,643.544434,513.206055,-3131.777344,-2832.437988
-1540.987305,-1486.667969,2901.037109,-478.300446,-1012.122803,-4556.519043
-1606.987305,-1741.667969,-9380.026367,10682.537109,4258.139648,6115.495117
-1678.987305,-1740.667969,-1472.454712,-352.655029,3037.726074,2437.172119
-1623.987305,-1935.667969,-188.988037,-3389.576904,4587.035645,518.629639
-1508.987305,-1566.667969,1292.590698,-1429.964844,3334.596680,35.236328
-1338.987305,-1434.667969,-605.875366,2091.535156,3996.642090,-1525.264526
-1164.987305,-1254.667969,708.083496,-329.234863,-1930.362793,1855.644775
-683.987305,-1053.667969,-1511.674072,-2739.841797,1229.381592,2370.745850
-411.987305,-544.667969,-560.485107,-1445.387573,-2208.911133,2687.656738
-132.987305,-275.667969,-6.934387,1194.473022,1860.947632,1096.053833
154.012695,15.332031,-1666.146973,-1675.924072,1025.368164,-2096.578613
437.012695,290.332031,-1565.000244,1814.606201,-1914.205933,1935.827393
965.012695,849.332031,-1725.851807,1599.996094,-273.507812,-447.634277
1217.012695,1093.332031,1240.691895,2419.361084,-2976.864990,936.148438
1404.012695,1298.332031,-479.509216,-1866.395020,2165.500977,-1102.583740
1534.012695,1471.332031,674.158813,-1477.747070,1164.309448,-3269.226562
1727.012695,1615.332031,17.738617,-2569.314941,3021.764160,783.128418
1709.012695,1711.332031,1421.296021,794.620239,561.860901,-877.061646
1660.012695,1676.332031,-1399.928345,534.504883,1783.975098,1225.738281
1562.012695,1628.332031,-1384.942261,889.033875,1211.658569,701.552368
1425.012695,1495.332031,-1342.464355,-215.358154,2389.250000,159.709442
1038.012695,972.332031,927.698181,2427.460938,501.644287,1310.531738
783.012695,809.332031,-1574.412476,881.027344,-1965.020264,386.860535
515.012695,762.332031,-3538.993652,-4165.984863,1080.525879,-358.630798
225.012695,196.332031,-2821.645264,972.901367,-1111.298096,-201.884277
-340.987305,-702.667969,-512.360168,-187.741028,1547.668213,2204.634033
-626.987305,-7.667969,880.098389,2144.622559,100.905029,-47.875000
-880.987305,-872.667969,-2533.135742,-2860.187744,-861.654175,-596.119019
-1117.987305,-1000.667969,816.104248,1105.905518,830.276123,-3695.070801
-1317.987305,-1224.667969,1610.640381,1704.041992,1533.262451,-440.600830
-1582.987305,-1533.667969,-1035.738281,-224.784607,2461.354492,-661.547485
-1668.987305,-1630.667969,-748.484497,-91.945251,-398.571777,-591.643799
-1704.987305,-1688.667969,38.640625,-363.489014,2098.449951,1671.204346
-1665.987305,-1682.667969,1388.792480,895.815186,524.953125,-370.503418
-1042.987305,-1619.667969,-481.311523,-1075.686523,-460.289307,1701.968750
-1267.987305,-1391.667969,-1649.514893,-1242.945923,337.113770,-21.404175
-1089.987305,-1181.667969,854.421631,-1640.518799,-3.613281,1681.875244
-853.987305,-959.667969,2791.398193,2709.339844,1206.044067,-1909.022583
-587.987305,-706.667969,1478.582764,495.714478,-843.910889,1471.362427
-18.987305,-155.667969,110.088379,1391.975830,606.830811,1979.390381
254.012695,137.332031,652.349609,-931.827393,-4522.840332,409.032471
554.012695,415.332031,606.071289,-108.487610,-1805.750732,480.184692
830.012695,702.332031,1426.111328,-2735.821533,-1031.330078,-2969.838379
1289.012695,947.332031,-742.037109,-911.547974,1784.321777,-2381.539062
1444.012695,1377.332031,-2418.366943,800.027344,507.688965,-47.069824
1581.012695,1527.332031,525.393066,2644.355957,44.831055,-1977.916016
1679.012695,1470.332031,-714.711426,-585.387695,1882.795410,1107.106934
1694.012695,1719.332031,-2091.463379,-1134.259766,-442.481445,143.130127
1629.012695,1657.332031,661.568848,-1105.564087,3546.374023,-1000.091431
1518.012695,1575.332031,1068.701172,325.995483,2465.747070,-844.162842
1364.012695,1457.332031,32.538086,-89.460205,-1272.453125,2973.932129
1162.012695,1270.332031,-1271.541992,2742.172363,2104.673828,1827.403320
521.012695,1068.332031,-2154.033203,-2011.742676,1210.158203,4347.037109
434.012695,531.332031,2183.240234,237.715820,2945.335938,781.850098
131.012695,273.332031,-369.312500,-1757.826172,-4233.361328,-1411.301758
-214.987305,-29.667969,-3174.527344,-1587.942871,-1386.962891,1202.709473
-339.987305,-322.667969,-166.929688,313.122070,-2781.980469,-3717.170898
-498.987305,-847.667969,2378.421875,-1394.011719,755.171875,2322.693359
-1185.987305,-1105.667969,-224.875000,-547.992188,3832.343750,-601.210938
-1377.987305,-1278.667969,-1417.773438,203.601562,-708.125000,-392.518555
-1537.987305,-1463.667969,-3321.730469,14.473145,675.585938,-1183.108887
-1678.987305,-1590.667969,1516.121094,-994.211914,-154.279297,-2013.398438
-1672.987305,-1677.667969,-3680.019531,1246.310303,570.310547,2079.214844
-1632.987305,-1805.667969,-212.644531,-803.682373,353.980469,881.736572
-1530.987305,-1428.667969,-243.722656,2737.447754,1219.023438,749.513916
-1376.987305,-1156.667969,4082.863281,-810.053955,84.116211,-2054.019531
-988.987305,-1223.667969,3348.345703,253.677246,37.053711,-826.266357
-734.987305,-870.667969,1087.568359,-2075.025879,-1475.380859,388.573853
-456.987305,-595.667969,2043.475586,-3435.214355,-3112.155762,-1404.485840
-191.987305,-323.667969,9371.804688,-6906.015625,-6903.048340,-9606.291016
383.012695,-29.667969,-3637.918457,3244.722168,902.362793,2883.135986
661.012695,624.332031,-4174.685547,3130.379639,3960.956055,1314.342163
919.012695,803.332031,-3827.254883,864.833008,758.117188,-121.646851
1155.012695,1045.332031,-3783.505859,650.406494,-1309.806152,3412.911621
1359.012695,1266.332031,496.347168,-1860.973633,568.128906,-364.249023
1631.012695,1572.332031,-3707.603516,1507.607666,-1139.038086,690.240356
1615.012695,1676.332031,573.437012,648.030518,2030.112305,-907.408936
1694.012695,1711.332031,725.290527,881.509399,221.945312,1594.878540
1677.012695,1699.332031,123.084473,311.294556,364.162109,-801.044434
1449.012695,1636.332031,-2611.516846,1856.996216,343.048828,-683.302490
1277.012695,1521.332031,-1925.883789,-136.039795,1014.347168,4482.278809
1089.012695,1173.332031,1177.961426,-1392.378662,-849.706055,532.919922
830.012695,952.332031,191.546387,501.430786,-356.346680,3560.800049
555.012695,700.332031,405.604492,538.972961,-555.529297,-432.349121
-1.987305,151.332031,-2766.361328,-981.607910,-1313.362305,-1569.510620
-307.987305,-141.667969,1595.385742,-2197.581543,1613.073730,559.315796
-587.987305,-421.667969,-530.098633,-594.796509,-1905.764893,556.933289
-839.987305,-712.667969,-1121.955078,336.144531,1031.827148,1082.846436
-1284.987305,-904.667969,-452.702148,297.261871,-790.599854,-3959.520020
-1433.987305,-1194.667969,220.637695,1132.976440,-145.186523,-831.876526
-1562.987305,-1495.667969,-251.395996,957.656006,1571.052490,-2151.281250
-1665.987305,-1613.667969,2220.553711,17.124557,1918.788574,715.776855
-1666.987305,-1673.667969,0,0,0,0
-1600.987305,-1624.667969,0,0,0,0
-1652.987305,-1533.667969,0,0,0,0
-1255.987305,-1382.667969,0,0,0,0
-1138.987305,-1218.667969,0,0,0,0
-558.987305,-994.667969,0,0,0,0
-350.987305,-493.667969,0,0,0,0
-63.987305,-198.667969,0,0,0,0
237.012695,81.332031,0,0,0,0
466.012695,381.332031,0,0,0,0
990.012695,915.332031,0,0,0,0
1259.012695,1143.332031,0,0,0,0
1424.012695,1364.332031,0,0,0,0
1571.012695,1506.332031,0,0,0,0
1752.012695,1628.332031,0,0,0,0
1697.012695,1744.332031,0,0,0,0
1636.012695,1650.332031,0,0,0,0
1523.012695,1454.332031,0,0,0,0
1395.012695,1201.332031,0,0,0,0
969.012695,1090.332031,0,0,0,0
718.012695,847.332031,0,0,0,0
445.012695,597.332031,0,0,0,0
156.012695,304.332031,0,0,0,0
-417.987305,13.332031,0,0,0,0
-675.987305,-553.667969,0,0,0,0
-934.987305,-811.667969,0,0,0,0
-1422.987305,-1053.667969,0,0,0,0
-1394.987305,-1260.667969,0,0,0,0
-2001.987305,-1564.667969,0,0,0,0
-1678.987305,-1644.667969,0,0,0,0
-1668.987305,-1672.667969,0,0,0,0
-1638.987305,-1662.667969,0,0,0,0
-1428.987305,-1597.667969,0,0,0,0
-1242.987305,-1333.667969,0,0,0,0
-1025.987305,-1117.667969,0,0,0,0
-763.987305,-765.667969,0,0,0,0
-508.987305,-626.667969,0,0,0,0
43.012695,-82.667969,0,0,0,0
345.012695,172.332031,0,0,0,0
622.012695,516.332031,0,0,0,0
884.012695,903.332031,0,0,0,0
1321.012695,1037.332031,0,0,0,0
1474.012695,1441.332031,0,0,0,0
1607.012695,1554.332031,0,0,0,0
1683.012695,1653.332031,0,0,0,0
1710.012695,1714.332031,0,0,0,0
1756.012695,1651.332031,0,0,0,0
1549.012695,1554.332031,0,0,0,0
1362.012695,1405.332031,0,0,0,0
776.012695,1220.332031,0,0,0,0
607.012695,994.332031,0,0,0,0
329.012695,480.332031,0,0,0,0
57.012695,187.332031,0,0,0,0
-251.987305,-102.667969,0,0,0,0
-538.987305,-399.667969,0,0,0,0
-1041.987305,-886.667969,0,0,0,0
-1249.987305,-1149.667969,0,0,0,0
-1409.987305,-1378.667969,0,0,0,0
-1566.987305,-1487.667969,0,0,0,0
-1680.987305,-1650.667969,0,0,0,0
-1668.987305,-1968.667969,0,0,0,0
-1612.987305,-1629.667969,0,0,0,0
-1500.987305,-1564.667969,0,0,0,0
-1346.987305,-1431.667969,0,0,0,0
-927.987305,-1043.667969,0,0,0,0
-680.987305,-799.667969,0,0,0,0
-403.987305,-524.667969,0,0,0,0
-103.987305,-270.667969,0,0,0,0
463.012695,34.332031,0,0,0,0
734.012695,611.332031,0,0,0,0
974.012695,866.332031,0,0,0,0
1297.012695,1116.332031,0,0,0,0
1387.012695,1303.332031,0,0,0,0
1644.012695,1607.332031,0,0,0,0
1709.012695,1679.332031,0,0,0,0
1719.012695,1704.332031,0,0,0,0
1662.012695,1681.332031,0,0,0,0
1407.012695,1619.332031,0,0,0,0
1229.012695,1323.332031,0,0,0,0
1019.012695,1149.332031,0,0,0,0
765.012695,884.332031,0,0,0,0
482.012695,705.332031,0,0,0,0
-74.987305,72.332031,0,0,0,0
-366.987305,-221.667969,0,0,0,0
-652.987305,-509.667969,0,0,0,0
-897.987305,-772.667969,0,0,0,0
-1322.987305,-1016.667969,0,0,0,0
-1480.987305,-1393.667969,0,0,0,0
-1692.987305,-1552.667969,0,0,0,0
-1672.987305,-1630.667969,0,0,0,0
-1629.987305,-1679.667969,0,0,0,0
-1534.987305,-1615.667969,0,0,0,0
-1430.987305,-1504.667969,0,0,0,0
-1276.987305,-1360.667969,0,0,0,0
-1060.987305,-1181.667969,0,0,0,0
-573.987305,-943.667969,0,0,0,0
-284.987305,-415.667969,0,0,0,0
5.012695,-128.667969,0,0,0,0
286.012695,162.332031,0,0,0,0
585.012695,435.332031,0,0,0,0
1082.012695,953.332031,0,0,0,0
1289.012695,1193.332031,0,0,0,0
1412.012695,1384.332031,0,0,0,0
1916.012695,1536.332031,0,0,0,0
1710.012695,1636.332031,0,0,0,0
1692.012695,1712.332031,0,0,0,0
1627.012695,1666.332031,0,0,0,0
1502.012695,1567.332031,0,0,0,0
1342.012695,1433.332031,0,0,0,0
911.012695,1028.332031,0,0,0,0
661.012695,882.332031,0,0,0,0
367.012695,471.332031,0,0,0,0
89.012695,261.332031,0,0,0,0
-483.987305,-311.667969,0,0,0,0
-748.987305,-619.667969,0,0,0,0
-1000.987305,-862.667969,0,0,0,0
-1206.987305,-1100.667969,0,0,0,0
-1400.987305,-1309.667969,0,0,0,0
-1618.987305,-1590.667969,0,0,0,0
-1702.987305,-1666.667969,0,0,0,0
-1528.987305,-1678.667969,0,0,0,0
-1571.987305,-1654.667969,0,0,0,0
-1367.987305,-1570.667969,0,0,0,0
-1196.987305,-1286.667969,0,0,0,0
-959.987305,-1085.667969,0,0,0,0
-703.987305,-839.667969,0,0,0,0
-444.987305,-575.667969,0,0,0,0
126.012695,-7.667969,0,0,0,0
414.012695,292.332031,0,0,0,0
686.012695,561.332031,0,0,0,0
949.012695,819.332031,0,0,0,0
1368.012695,1067.332031,0,0,0,0
1264.012695,1452.332031,0,0,0,0
1630.012695,1601.332031,0,0,0,0
1779.012695,1692.332031,0,0,0,0
1913.012695,1724.332031,0,0,0,0
1566.012695,1635.332031,0,0,0,0
1439.012695,1513.332031,0,0,0,0
1268.012695,1365.332031,0,0,0,0
1043.012695,1167.332031,0,0,0,0
542.012695,933.332031,0,0,0,0
247.012695,354.332031,0,0,0,0
-21.987305,118.332031,0,0,0,0
-317.987305,-27.667969,0,0,0,0
-598.987305,-504.667969,0,0,0,0
-1099.987305,-1105.667969,0,0,0,0
-1297.987305,-1581.667969,0,0,0,0
-1452.987305,-1383.667969,0,0,0,0
-1576.987305,-1526.667969,0,0,0,0
-1684.987305,-1628.667969,0,0,0,0
-1665.987305,-1676.667969,0,0,0,0
-1619.987305,-1628.667969,0,0,0,0
-1584.987305,-1527.667969,0,0,0,0
-1296.987305,-1388.667969,0,0,0,0
-865.987305,-982.667969,0,0,0,0
-609.987305,-733.667969,0,0,0,0
-337.987305,-470.667969,0,0,0,0
-49.987305,-191.667969,0,0,0,0
537.012695,113.332031,0,0,0,0
798.012695,693.332031,0,0,0,0
1049.012695,932.332031,0,0,0,0
1264.012695,1156.332031,0,0,0,0
1437.012695,1362.332031,0,0,0,0
1661.012695,1630.332031,0,0,0,0
1710.012695,1769.332031,0,0,0,0
1684.012695,1858.332031,0,0,0,0
1635.012695,1654.332031,0,0,0,0
1393.012695,1713.332031,0,0,0,0
1183.012695,1296.332031,0,0,0,0
947.012695,1081.332031,0,0,0,0
707.012695,837.332031,0,0,0,0
423.012695,578.332031,0,0,0,0
-155.987305,-6.667969,0,0,0,0
-427.987305,-279.667969,0,0,0,0
-694.987305,-584.667969,0,0,0,0
-1040.987305,-827.667969,0,0,0,0
-1520.987305,-1055.667969,0,0,0,0
-1569.987305,-1439.667969,0,0,0,0
-1611.987305,-1578.667969,0,0,0,0
-1678.987305,-1650.667969,0,0,0,0
-1669.987305,-1677.667969,0,0,0,0
-1537.987305,-1592.667969,0,0,0,0
-1408.987305,-1458.667969,0,0,0,0
-1238.987305,-1433.667969,0,0,0,0
-1012.987305,-1117.667969,0,0,0,0
-499.987305,-881.667969,0,0,0,0
-209.987305,-350.667969,0,0,0,0
88.012695,-60.667969,0,0,0,0
361.012695,290.332031,0,0,0,0
641.012695,493.332031,0,0,0,0
1134.012695,957.332031,0,0,0,0
1349.012695,1243.332031,0,0,0,0
1504.012695,1423.332031,0,0,0,0
1612.012695,1570.332031,0,0,0,0
1697.012695,1666.332031,0,0,0,0
1715.012695,1714.332031,0,0,0,0
1757.012695,1649.332031,0,0,0,0
1469.012695,1537.332031,0,0,0,0
1265.012695,1388.332031,0,0,0,0
859.012695,978.332031,0,0,0,0
591.012695,723.332031,0,0,0,0
304.012695,445.332031,0,0,0,0
30.012695,178.332031,0,0,0,0
-563.987305,-137.667969,0,0,0,0
-816.987305,-691.667969,0,0,0,0
-1056.987305,-925.667969,0,0,0,0
-1262.987305,-862.667969,0,0,0,0
-1442.987305,-1370.667969,0,0,0,0
-1668.987305,-1752.667969,0,0,0,0
-1678.987305,-1677.667969,0,0,0,0
-1665.987305,-1693.667969,0,0,0,0
-1599.987305,-1638.667969,0,0,0,0
-1350.987305,-1548.667969,0,0,0,0
-1351.987305,-1232.667969,0,0,0,0
-908.987305,-1026.667969,0,0,0,0
-560.987305,-784.667969,0,0,0,0
-384.987305,-516.667969,0,0,0,0
206.012695,62.332031,0,0,0,0
411.012695,351.332031,0,0,0,0
732.012695,621.332031,0,0,0,0
1022.012695,884.332031,0,0,0,0
1086.012695,1124.332031,0,0,0,0
1525.012695,1492.332031,0,0,0,0
1631.012695,1641.332031,0,0,0,0
1710.012695,1696.332031,0,0,0,0
1693.012695,1713.332031,0,0,0,0
1552.012695,1604.332031,0,0,0,0
1401.012695,1380.332031,0,0,0,0
1217.012695,1318.332031,0,0,0,0
994.012695,864.332031,0,0,0,0
465.012695,411.332031,0,0,0,0
190.012695,284.332031,0,0,0,0
-97.987305,61.332031,0,0,0,0
-392.987305,-238.667969,0,0,0,0
-663.987305,-520.667969,0,0,0,0
-1147.987305,-1014.667969,0,0,0,0
-1336.987305,-1239.667969,0,0,0,0
-1484.987305,-1410.667969,0,0,0,0
-1568.987305,-1547.667969,0,0,0,0
-1756.987305,-1642.667969,0,0,0,0
-1624.987305,-1677.667969,0,0,0,0
-1571.987305,-1598.667969,0,0,0,0
-1420.987305,-1514.667969,0,0,0,0
-1250.987305,-1341.667969,0,0,0,0
-814.987305,-925.667969,0,0,0,0
-544.987305,-760.667969,0,0,0,0
-268.987305,-406.667969,0,0,0,0
10.012695,-118.667969,0,0,0,0
591.012695,174.332031,0,0,0,0
857.012695,732.332031,0,0,0,0
1091.012695,896.332031,0,0,0,0
1281.012695,1116.332031,0,0,0,0
1470.012695,1425.332031,0,0,0,0
1676.012695,1631.332031,0,0,0,0
1697.012695,1709.332031,0,0,0,0
1688.012695,1709.332031,0,0,0,0
1614.012695,1660.332031,0,0,0,0
1331.012695,1560.332031,0,0,0,0
1342.012695,1212.332031,0,0,0,0
897.012695,1026.332031,0,0,0,0
361.012695,777.332031,0,0,0,0
638.012695,509.332031,0,0,0,0
-556.987305,-70.667969,0,0,0,0
-423.987305,-358.667969,0,0,0,0
-768.987305,-637.667969,0,0,0,0
-1022.987305,-880.667969,0,0,0,0
-1394.987305,-1118.667969,0,0,0,0
-1543.987305,-1477.667969,0,0,0,0
-1633.987305,-1596.667969,0,0,0,0
-1684.987305,-1667.667969,0,0,0,0
-1695.987305,-1666.667969,0,0,0,0
-1518.987305,-1714.667969,0,0,0,0
-1366.987305,-1437.667969,0,0,0,0
-1167.987305,-1256.667969,0,0,0,0
-951.987305,-1069.667969,0,0,0,0
-427.987305,-830.667969,0,0,0,0
-145.987305,-284.667969,0,0,0,0
158.012695,8.332031,0,0,0,0
430.012695,291.332031,0,0,0,0
686.012695,581.332031,0,0,0,0
1185.012695,1090.332031,0,0,0,0
1367.012695,1295.332031,0,0,0,0
1563.012695,1474.332031,0,0,0,0
1630.012695,1606.332031,0,0,0,0
1703.012695,1673.332031,0,0,0,0
1656.012695,1697.332031,0,0,0,0
1566.012695,1605.332031,0,0,0,0
1429.012695,1505.332031,0,0,0,0
1253.012695,1349.332031,0,0,0,0
792.012695,926.332031,0,0,0,0
512.012695,632.332031,0,0,0,0
239.012695,367.332031,0,0,0,0
-35.987305,-475.667969,0,0,0,0
-609.987305,-108.667969,0,0,0,0
-880.987305,-770.667969,0,0,0,0
-1104.987305,-975.667969,0,0,0,0
-1312.987305,-1208.667969,0,0,0,0
-1438.987305,-1388.667969,0,0,0,0
-1679.987305,-1620.667969,0,0,0,0
-1692.987305,-1664.667969,0,0,0,0
-1636.987305,-1670.667969,0,0,0,0
-1605.987305,-1623.667969,0,0,0,0
-1217.987305,-1529.667969,0,0,0,0
-1082.987305,-1188.667969,0,0,0,0
-855.987305,-962.667969,0,0,0,0
-590.987305,-716.667969,0,0,0,0
-314.987305,-440.667969,0,0,0,0
243.012695,111.332031,0,0,0,0
542.012695,420.332031,0,0,0,0
804.012695,693.332031,0,0,0,0
1057.012695,946.332031,0,0,0,0
1463.012695,1180.332031,0,0,0,0
1562.012695,1529.332031,0,0,0,0
1662.012695,1612.332031,0,0,0,0
1695.012695,1708.332031,0,0,0,0
1692.012695,1716.332031,0,0,0,0
1523.012695,1584.332031,0,0,0,0
1365.012695,1453.332031,0,0,0,0
1177.012695,1273.332031,0,0,0,0
939.012695,1059.332031,0,0,0,0
408.012695,818.332031,0,0,0,0
116.012695,265.332031,0,0,0,0
-170.987305,-16.667969,0,0,0,0
-450.987305,-311.667969,0,0,0,0
-647.987305,-584.667969,0,0,0,0
-1522.987305,-1085.667969,0,0,0,0
-1355.987305,-1289.667969,0,0,0,0
-1528.987305,-1443.667969,0,0,0,0
-1617.987305,-1564.667969,0,0,0,0
-1684.987305,-1644.667969,0,0,0,0
-1632.987305,-1655.667969,0,0,0,0
-1537.987305,-1466.667969,0,0,0,0
-1395.987305,-1443.667969,0,0,0,0
-1214.987305,-1290.667969,0,0,0,0
-769.987305,-895.667969,0,0,0,0
-483.987305,-590.667969,0,0,0,0
-199.987305,-333.667969,0,0,0,0
95.012695,-41.667969,0,0,0,0
707.012695,248.332031,0,0,0,0
925.012695,793.332031,0,0,0,0
1150.012695,1033.332031,0,0,0,0
1342.012695,1271.332031,0,0,0,0
1502.012695,1439.332031,0,0,0,0
1694.012695,1474.332031,0,0,0,0
1710.012695,1678.332031,0,0,0,0
1677.012695,1717.332031,0,0,0,0
1592.012695,1666.332031,0,0,0,0
1287.012695,1533.332031,0,0,0,0
1079.012695,1186.332031,0,0,0,0
836.012695,968.332031,0,0,0,0
575.012695,706.332031,0,0,0,0
289.012695,434.332031,0,0,0,0
-289.987305,-141.667969,0,0,0,0
-481.987305,-415.667969,0,0,0,0
-838.987305,-700.667969,0,0,0,0
-705.987305,-937.667969,0,0,0,0
-1439.987305,-1165.667969,0,0,0,0
-1574.987305,-1513.667969,0,0,0,0
-1653.987305,-1623.667969,0,0,0,0
-1700.987305,-1663.667969,0,0,0,0
-1666.987305,-1679.667969,0,0,0,0
-1479.987305,-1639.667969,0,0,0,0
-1334.987305,-1367.667969,0,0,0,0
-1121.987305,-1891.667969,0,0,0,0
-891.987305,-1110.667969,0,0,0,0
-365.987305,-778.667969,0,0,0,0
-79.987305,-215.667969,0,0,0,0
224.012695,83.332031,0,0,0,0
629.012695,360.332031,0,0,0,0
736.012695,653.332031,0,0,0,0
1231.012695,1139.332031,0,0,0,0
1417.012695,1341.332031,0,0,0,0
1556.012695,1497.332031,0,0,0,0
1662.012695,1621.332031,0,0,0,0
1701.012695,1698.332031,0,0,0,0
1639.012695,1728.332031,0,0,0,0
1525.012695,1680.332031,0,0,0,0
1392.012695,1491.332031,0,0,0,0
1205.012695,1204.332031,0,0,0,0
733.012695,864.332031,0,0,0,0
457.012695,605.332031,0,0,0,0
185.012695,315.332031,0,0,0,0
-128.987305,31.332031,0,0,0,0
-667.987305,-294.667969,0,0,0,0
-930.987305,-799.667969,0,0,0,0
-1163.987305,-1053.667969,0,0,0,0
-1322.987305,-1246.667969,0,0,0,0
-1622.987305,-1426.667969,0,0,0,0
-1622.987305,-1649.667969,0,0,0,0
-1681.987305,-1674.667969,0,0,0,0
-1616.987305,-1662.667969,0,0,0,0
-1569.987305,-1584.667969,0,0,0,0
-1249.987305,-1486.667969,0,0,0,0
-1028.987305,-1145.667969,0,0,0,0
-791.987305,-1004.667969,0,0,0,0
-529.987305,-670.667969,0,0,0,0
-237.987305,-374.667969,0,0,0,0
325.012695,43.332031,0,0,0,0
622.012695,477.332031,0,0,0,0
878.012695,767.332031,0,0,0,0
1105.012695,904.332031,0,0,0,0
1482.012695,1224.332031,0,0,0,0
1610.012695,1559.332031,0,0,0,0
1677.012695,1668.332031,0,0,0,0
1705.012695,1712.332031,0,0,0,0
1680.012695,1713.332031,0,0,0,0
1505.012695,1557.332031,0,0,0,0
1352.012695,1410.332031,0,0,0,0
1134.012695,1223.332031,0,0,0,0
1320.012695,998.332031,0,0,0,0
335.012695,760.332031,0,0,0,0
56.012695,203.332031,0,0,0,0
-227.987305,-78.667969,0,0,0,0
-530.987305,-380.667969,0,0,0,0
-785.987305,-648.667969,0,0,0,0
-1244.987305,-1140.667969,0,0,0,0
-1416.987305,-1314.667969,0,0,0,0
-1540.987305,-1500.667969,0,0,0,0
-1643.987305,-1261.667969,0,0,0,0
-1679.987305,-1641.667969,0,0,0,0
-1614.987305,-1629.667969,0,0,0,0
-1510.987305,-1558.667969,0,0,0,0
-1361.987305,-1421.667969,0,0,0,0
-1159.987305,-1254.667969,0,0,0,0
-704.987305,-803.667969,0,0,0,0
-396.987305,-543.667969,0,0,0,0
-128.987305,-262.667969,0,0,0,0
167.012695,20.332031,0,0,0,0
715.012695,323.332031,0,0,0,0
975.012695,857.332031,0,0,0,0
1194.012695,1101.332031,0,0,0,0
1225.012695,1309.332031,0,0,0,0
1532.012695,1470.332031,0,0,0,0
1695.012695,1677.332031,0,0,0,0
1699.012695,1703.332031,0,0,0,0
1635.012695,1680.332031,0,0,0,0
1551.012695,1613.332031,0,0,0,0
1240.012695,1487.332031,0,0,0,0
1025.012695,887.332031,0,0,0,0
779.012695,940.332031,0,0,0,0
507.012695,655.332031,0,0,0,0
222.012695,447.332031,0,0,0,0
-351.987305,469.332031,0,0,0,0
-640.987305,-1002.667969,0,0,0,0
-891.987305,-762.667969,0,0,0,0
-1120.987305,-1010.667969,0,0,0,0
-1475.987305,-1229.667969,0,0,0,0
-1591.987305,-1548.667969,0,0,0,0
-1578.987305,-1631.667969,0,0,0,0
-1511.987305,-1671.667969,0,0,0,0
-1643.987305,-1662.667969,0,0,0,0
-1425.987305,-1510.667969,0,0,0,0
-1279.987305,-1357.667969,0,0,0,0
-1084.987305,-1178.667969,0,0,0,0
-831.987305,-946.667969,0,0,0,0
-284.987305,-701.667969,0,0,0,0
-0.987305,-141.667969,0,0,0,0
271.012695,157.332031,0,0,0,0
557.012695,450.332031,0,0,0,0
830.012695,713.332031,0,0,0,0
1289.012695,1176.332031,0,0,0,0
1456.012695,1459.332031,0,0,0,0
1575.012695,1543.332031,0,0,0,0
1669.012695,1656.332031,0,0,0,0
1687.012695,2097.332031,0,0,0,0
1632.012695,1668.332031,0,0,0,0
1508.012695,1570.332031,0,0,0,0
1356.012695,1440.332031,0,0,0,0
1153.012695,1259.332031,0,0,0,0
676.012695,798.332031,0,0,0,0
373.012695,536.332031,0,0,0,0
125.012695,251.332031,0,0,0,0
-161.987305,-44.667969,0,0,0,0
-686.987305,-283.667969,0,0,0,0
-660.987305,-854.667969,0,0,0,0
-1211.987305,-1101.667969,0,0,0,0
-1381.987305,-1297.667969,0,0,0,0
-1543.987305,-1465.667969,0,0,0,0
-1671.987305,-1660.667969,0,0,0,0
-1688.987305,-1672.667969,0,0,0,0
-1633.987305,-1657.667969,0,0,0,0
-1531.987305,-1610.667969,0,0,0,0
-1203.987305,-1466.667969,0,0,0,0
-993.987305,-1100.667969,0,0,0,0
-724.987305,-845.667969,0,0,0,0
-449.987305,-606.667969,0,0,0,0
-177.987305,-300.667969,0,0,0,0
396.012695,129.332031,0,0,0,0
683.012695,530.332031,0,0,0,0
934.012695,806.332031,0,0,0,0
1164.012695,1060.332031,0,0,0,0
1517.012695,1268.332031,0,0,0,0
1764.012695,1585.332031,0,0,0,0
1694.012695,1666.332031,0,0,0,0
1697.012695,1703.332031,0,0,0,0
1659.012695,1705.332031,0,0,0,0
1453.012695,1522.332031,0,0,0,0
1276.012695,1379.332031,0,0,0,0
1081.012695,1197.332031,0,0,0,0
815.012695,941.332031,0,0,0,0
269.012695,690.332031,0,0,0,0
-20.987305,163.332031,0,0,0,0
-264.987305,-155.667969,0,0,0,0
-561.987305,-463.667969,0,0,0,0
-835.987305,-683.667969,0,0,0,0
-1285.987305,-925.667969,0,0,0,0
-1457.987305,-1461.667969,0,0,0,0
-1584.987305,-1517.667969,0,0,0,0
-1655.987305,-1613.667969,0,0,0,0
-1660.987305,-1677.667969,0,0,0,0
-1594.987305,-1617.667969,0,0,0,0
-1468.987305,-1539.667969,0,0,0,0
