Voltage,Current
691,639
569,533
532,538
533,521
542,539
558,540
583,585
596,596
617,649
664,665
741,725
721,787
831,846
895,920
966,1009
1067,1142
1131,1166
1220,1246
1288,1336
1366,1416
1485,1497
1528,1571
1622,1649
1691,1711
1777,1781
1833,1839
1885,1883
1929,1943
1970,1971
2014,2012
2017,2018
2030,2040
2042,2032
2040,2037
2027,2043
2004,1977
1975,1948
1945,1919
1896,1852
1842,1802
1780,1738
1718,1661
1593,1591
1586,1504
1494,1439
1407,1348
1333,1262
1245,1211
1211,1100
1066,1026
1003,949
915,867
844,804
783,742
717,684
673,633
640,597
604,570
583,518
532,524
537,514
530,522
549,544
570,592
604,597
633,640
640,680
719,738
778,796
850,872
905,928
1025,1003
1072,1093
1101,1181
1213,1257
1320,1335
1396,1471
1468,1508
1557,1570
1635,1651
1705,1729
1767,1799
1835,1855
1913,1909
1925,1944
1983,1982
2010,1978
2031,2023
2040,2054
2043,2039
2019,2023
2012,2009
2007,2004
1945,1938
1928,1896
1885,1849
1837,1789
1791,1732
1705,1686
1571,1593
1570,1504
1470,1379
1399,1337
1319,1249
1226,1166
1159,1082
1065,1016
1000,933
906,856
844,785
796,740
721,674
674,648
643,590
597,570
563,538
543,522
521,584
513,525
542,544
571,555
596,609
605,648
670,698
722,747
802,803
846,875
919,955
1000,1037
1066,1098
1152,1190
1234,1258
1284,1347
1404,1434
1490,1515
1561,1582
1642,1660
1728,1745
1783,1826
1840,1867
1942,1905
1927,1944
1958,2007
2012,2017
2040,2044
2043,2075
2070,2030
2040,2038
2022,2004
2000,1956
2022,1936
1947,1885
1877,1841
1831,1768
1760,1714
1690,1647
1619,1558
1553,1490
1481,1408
1376,1361
1287,1240
1226,1164
1148,1078
1052,1000
971,922
894,840
829,791
765,725
713,666
645,624
647,594
590,566
576,544
543,518
531,518
555,565
583,555
576,580
605,615
644,642
679,702
758,744
792,840
852,884
934,958
985,1063
1083,1116
1163,1206
1272,1244
1334,1361
1428,1460
1503,1529
1578,1617
1662,1682
1711,1724
1802,1819
1846,1906
1928,1922
1949,1931
1978,1993
2014,1996
2018,2025
2040,2035
2041,2028
2040,2023
2014,1992
1995,1967
1967,1946
1913,1883
1882,1828
1806,1762
1762,1690
1677,1630
1576,1556
1532,1480
1448,1399
1375,1313
1286,1232
1203,1141
1083,1061
1046,984
972,845
906,830
810,767
765,725
699,650
694,631
577,596
583,567
561,532
549,524
522,537
536,605
559,551
579,603
609,621
653,645
676,710
747,765
792,825
870,905
945,981
974,1063
1101,1063
1182,1213
1260,1284
1344,1409
1396,1478
1532,1535
1585,1626
1679,1737
1728,1739
1805,1824
1858,1846
1915,1926
1967,1962
1996,1990
2004,2022
2023,2009
2040,2043
2046,2016
2027,1976
2013,1997
1989,1989
1954,1945
1916,1886
1873,1820
1802,1755
1711,1693
1681,1608
1586,1538
1506,1447
1427,1406
1339,1295
1260,1215
1178,1134
1099,1014
1017,978
939,894
870,805
810,768
737,701
699,654
691,647
565,570
582,628
562,553
531,527
539,521
536,504
531,555
583,585
596,630
665,691
691,714
763,775
830,818
872,911
948,1055
1022,1058
1113,1166
1196,1223
1272,1308
1361,1395
1443,1458
1521,1554
1591,1634
1682,1734
1740,1765
1809,1824
1863,1901
1905,1923
1971,1971
1989,1997
2015,2021
2057,2031
2056,2044
2049,2044
2027,2012
2014,1988
1988,1934
1951,1919
1905,1870
1840,1814
1792,1753
1728,1675
1662,1601
1590,1532
1546,1458
1428,1361
1323,1285
1264,1197
1197,1121
1105,963
984,957
904,881
870,804
797,765
748,686
648,639
641,607
606,574
578,564
557,572
543,524
539,547
552,543
580,564
593,592
628,631
664,679
721,726
752,791
885,851
952,915
969,1048
1059,1080
1131,1141
1218,1234
1262,1338
1363,1400
1454,1455
1537,1567
1604,1647
1690,1708
1751,1781
1864,1853
1867,1893
1915,1940
1951,1971
2001,2006
2005,1985
2009,2040
2050,2038
2040,2031
2021,2025
2010,1977
1988,1972
1944,1910
1885,1860
1851,1795
1792,1734
1710,1673
1661,1597
1581,1503
1490,1448
1408,1349
1327,1275
1295,1190
1165,1102
1079,1038
996,921
914,855
865,753
784,746
731,686
685,672
634,371
609,582
574,520
539,543
533,514
531,531
550,544
583,570
584,622
635,648
683,683
713,729
786,799
743,858
913,910
975,934
1064,1068
1132,1177
1219,1261
1311,1341
1390,1401
1479,1516
1521,1584
1623,1663
1692,1724
1766,1764
1873,1849
1882,1906
1923,1939
1988,1982
2000,2007
2020,2023
2040,2043
2012,2037
2029,2084
2033,2004
2007,1962
1977,1922
1918,1908
1885,1857
1832,1797
1767,1729
1707,1655
1650,1584
1534,1503
1477,1426
1397,1344
1343,1305
1240,1172
1148,1072
1061,1013
1000,936
913,859
839,798
778,743
775,687
674,641
613,604
583,570
565,543
558,518
530,543
537,526
537,543
598,583
592,602
633,648
626,691
729,741
787,778
872,868
915,936
1000,1070
1016,1108
1144,1175
1239,1276
1316,1349
1414,1369
1440,1520
1555,1595
1645,1665
1700,1707
1781,1801
1833,1841
1892,1904
1928,1956
1975,1982
2028,1999
2033,2084
2039,2042
2038,2016
2041,2025
2023,2010
1999,1974
1979,1919
1925,1893
1886,1858
1783,1785
1754,1714
1703,1652
1626,1578
1554,1468
1479,1410
1403,1327
1299,1294
1233,1155
1139,1073
1065,1009
986,907
907,855
822,777
768,740
700,679
661,654
628,596
583,547
570,525
550,555
539,529
535,540
535,545
574,579
597,601
641,627
678,700
732,753
800,825
832,878
922,957
1008,1029
1101,1104
1166,1209
1256,1273
1343,1374
1433,1448
1498,1532
1572,1594
1665,1672
1731,1738
1791,1815
1844,1892
1917,1909
1951,1948
2000,1996
2027,2016
2032,2028
2039,2038
2044,2040
2043,2021
2044,1997
1988,1951
1973,1932
1922,1956
1877,1841
1895,1772
1749,1750
1683,1625
1610,1556
1544,1451
1450,1439
1375,1314
1286,1218
1203,1152
1144,1052
1048,1012
970,902
883,844
844,778
765,708
692,671
652,624
628,585
567,563
542,534
571,528
563,517
540,537
555,582
587,573
599,620
637,628
694,704
740,777
809,795
870,897
939,961
1013,1048
1083,1141
1170,1205
1260,1301
1338,1365
1452,1462
1501,1536
1591,1612
1675,1699
1725,1768
1789,1816
1882,1871
1902,1921
1953,1957
1985,2004
2005,2011
2029,2028
2047,2010
1983,2017
2020,2032
2015,1996
1988,1985
1953,1931
1920,1867
1857,1806
1812,1751
1749,1691
1667,1622
1604,1575
1490,1475
1444,1378
1354,1315
1286,1201
1192,1139
1100,1054
1036,995
948,899
878,824
813,764
769,708
739,659
652,603
608,582
570,551
550,556
543,568
530,534
552,532
558,556
596,570
626,616
635,636
701,712
761,774
813,838
875,905
948,959
1033,1052
1105,1163
1210,1221
1260,1297
1355,1395
1441,1469
1523,1575
1615,1630
1674,1686
1744,1764
1779,1825
1864,1883
1918,1927
1958,1970
1993,2021
2014,2023
2031,2031
2040,2038
2044,2017
2031,2021
2027,2000
1989,1962
1945,1920
1912,1867
1756,1810
1798,1751
1726,1668
1661,1608
1586,1507
1520,1491
1443,1365
1340,1284
1286,1212
1181,1124
1080,1048
1020,936
936,894
831,808
804,765
740,667
653,659
646,631
609,553
579,549
566,530
537,562
550,526
549,530
557,567
583,565
625,601
662,637
704,724
735,774
825,847
887,907
963,985
1039,1063
1121,1149
1202,1236
1288,1322
1374,1386
1451,1484
1527,1545
1598,1695
1681,1721
1752,1767
1817,1843
1879,1869
1988,1931
1973,1971
1994,2010
1966,2020
2040,2049
2048,2042
2039,1974
2031,2019
2001,1996
1988,1955
1910,1910
1908,1855
1825,1798
1792,1712
1714,1665
1650,1597
1577,1543
1507,1455
1414,1344
1327,1275
1273,1193
1174,1110
1099,1025
1009,958
922,879
861,804
787,749
750,700
670,648
652,570
609,574
566,523
570,520
540,561
635,533
552,568
563,570
595,604
641,636
688,662
713,726
776,787
826,851
884,933
1007,1014
1054,1074
1132,1179
1210,1245
1297,1339
1388,1452
1473,1483
1548,1577
1638,1657
1696,1717
1744,1800
1821,1840
1884,1873
1929,1934
1980,2008
2001,2013
2025,2023
2042,2046
2043,2008
2131,2014
2052,2010
2010,1975
2025,1970
1937,1908
1892,1844
1848,1871
1766,1729
1695,1659
1645,1588
1564,1511
1467,1437
1407,1344
1321,1271
1235,1174
1146,1090
1079,1020
992,937
922,911
851,829
778,764
757,684
672,646
643,601
613,570
573,544
541,505
539,508
461,534
524,545
565,524
590,609
635,634
648,693
721,748
790,798
861,856
915,933
1011,1013
1052,1100
1144,1169
1234,1262
1312,1364
1392,1431
1450,1510
1565,1582
1625,1658
1704,1738
1766,1797
1817,1854
1908,1905
1922,1954
1962,1963
2005,2051
1949,2030
2046,2042
2056,2023
2040,2003
2026,1997
2018,2069
1950,1945
1936,1902
1892,1852
1823,1778
1775,1701
1701,1658
1626,1574
1562,1506
1473,1434
1383,1328
1302,1245
1226,1168
1135,1088
1063,1001
996,920
904,818
822,790
783,752
712,661
661,633
635,587
591,566
570,543
530,528
518,530
539,527
551,539
572,568
605,617
675,648
674,697
713,757
765,806
852,876
922,1007
979,1031
1078,1110
1170,1191
1238,1284
1314,1349
1413,1431
1520,1525
1519,1601
1632,1674
1719,1764
1799,1811
1844,1855
1898,1935
1940,1965
1986,1976
2001,2012
2032,2008
2040,2014
2054,2038
2053,2012
2033,2002
2001,1974
1964,1945
1924,1912
1901,1828
1845,1779
1763,1712
1667,1634
1617,1548
1531,1452
1468,1403
1408,1270
1288,1237
1207,1156
1131,1087
1055,999
971,911
896,798
822,791
750,748
726,671
660,631
609,596
587,601
566,549
522,525
536,541
534,549
536,551
575,554
610,645
656,659
677,701
736,761
804,816
865,898
935,965
1013,1037
1095,1141
1179,1197
1259,1313
1389,1363
1458,1456
1498,1544
1592,1608
1672,1699
1734,1735
1785,1798
1852,1880
1909,1922
1892,2044
1985,1997
2014,1922
2030,2033
2046,2035
2036,1997
2041,2010
2030,1997
1988,1983
1959,1928
1923,1884
1872,1837
1826,1756
1751,1696
1675,1629
1601,1545
1492,1478
1447,1396
1360,1296
1271,1224
1195,1134
1117,1068
1044,983
948,910
887,804
813,773
753,710
700,666
661,621
609,609
596,553
558,518
543,531
530,533
540,521
559,569
568,569
607,622
650,660
700,689
747,768
810,826
870,898
964,969
1000,1052
1104,1138
1183,1220
1266,1314
1436,1387
1426,1469
1501,1537
1614,1622
1663,1697
1731,1785
1801,1828
1833,1872
1910,1938
1970,1967
1979,2000
2013,2009
2068,2009
2046,2041
2045,2003
2030,2015
2032,2008
1992,1935
1939,1919
1920,1868
1852,1813
1806,1738
1780,1685
1659,1584
1599,1544
1515,1464
1442,1374
1320,1292
1275,1207
1180,1142
1105,1061
1005,967
947,907
874,830
818,767
751,650
693,667
652,625
615,573
597,555
557,544
543,532
522,514
536,544
558,565
585,595
610,524
652,663
698,718
765,779
818,861
886,910
982,982
1033,1055
1160,1158
1202,1229
1277,1320
1363,1402
1445,1479
1506,1556
1635,1582
1685,1698
1742,1789
1827,1832
1859,1903
1950,1905
1958,1967
1988,1997
1984,2025
2040,2019
2043,2050
2043,2034
2033,2013
2015,1989
1986,1956
1949,1918
1957,1875
1858,1808
1801,1764
1733,1686
1655,1608
1607,1541
1496,1454
1423,1372
1340,1282
1248,1211
1169,1104
1091,1032
1013,955
932,881
862,811
818,751
729,675
689,648
647,611
610,580
573,551
557,504
526,529
492,524
557,527
565,556
585,578
628,628
675,685
700,750
771,782
819,874
884,925
974,993
1051,1077
1126,1116
1213,1230
1300,1322
1386,1400
1465,1489
1540,1596
1603,1592
1681,1735
1767,1785
1815,1841
1879,1885
1917,1910
1972,1970
1997,2009
2025,2023
2032,2041
2033,2042
2043,2030
2039,2092
2005,1977
1974,1947
1924,1905
1892,1859
1859,1793
1786,1663
1714,1664
1645,1588
1581,1531
1489,1461
1416,1349
1329,1179
1205,1177
1156,1102
1079,988
998,923
926,863
849,796
752,740
735,683
674,647
626,608
598,545
572,544
550,596
536,531
534,544
555,521
573,570
594,608
635,628
664,693
726,731
791,789
841,855
894,933
955,1014
1076,1088
1107,1166
1225,1247
1322,1335
1375,1425
1474,1499
1562,1583
1661,1647
1708,1735
1770,1782
1830,1842
1909,1919
1936,1940
1997,1982
2003,1998
2005,2027
2038,2025
2077,2039
2040,2021
2031,2031
2036,1980
1975,1906
1936,1853
1892,1854
1841,1790
1768,1727
1705,1644
1640,1582
1591,1506
1488,1411
1408,1342
1312,1198
1237,1167
1142,1107
1067,1011
1011,928
910,851
839,800
777,726
723,680
667,643
650,607
599,570
596,532
555,524
528,532
500,534
554,528
573,572
599,648
639,646
663,675
725,744
785,804
848,945
974,949
974,1022
1075,1125
1194,1208
1235,1291
1327,1345
1409,1452
1481,1513
1583,1580
1644,1660
1703,1738
1778,1832
1849,1857
1890,1908
1931,1944
1975,1919
2010,2028
2045,2027
2037,2034
2027,2034
2028,2009
2005,1968
1991,1971
1957,1927
1912,1867
1881,1811
1825,1768
1742,1691
1689,1639
1611,1556
1557,1453
1451,1396
1359,1313
1287,1232
1206,1142
1116,1067
1051,996
966,853
883,853
818,748
742,714
704,658
657,622
618,570
576,544
537,537
553,527
513,507
526,517
624,536
558,576
530,596
636,624
667,654
722,755
774,808
844,868
914,944
992,1019
1081,1078
1158,1204
1221,1267
1332,1357
1410,1438
1476,1528
1576,1601
1639,1670
1724,1730
1747,1790
1841,1852
1870,1939
1936,1947
1991,1985
1988,2000
2004,2010
2031,1983
2033,2019
2027,2010
2014,1978
1988,1964
1947,1939
1909,1732
1861,1829
1772,1762
1760,1683
1661,1616
1588,1545
1541,1478
1448,1383
1364,1300
1280,1219
1160,1132
1113,1058
1033,986
948,895
872,805
814,757
724,707
690,652
656,611
604,569
562,543
540,518
536,517
521,478
509,503
550,547
568,542
596,605
631,640
672,696
737,759
791,819
826,853
932,959
998,1026
1083,1140
1167,1204
1280,1289
1335,1590
1394,1454
1499,1530
1574,1616
1653,1685
1750,1766
1788,1816
1846,1866
1896,1908
1944,1956
1983,1996
2175,1997
2017,2021
2023,2041
2053,2039
2015,2010
2003,1982
1970,1953
1952,1919
1903,1841
1847,1842
1792,1759
1739,1695
1657,1608
1576,1536
1512,1451
1442,1367
1350,1282
1269,1196
1169,1143
1093,1039
1012,954
932,885
874,824
794,752
731,696
693,635
635,584
613,585
575,498
483,522
526,523
529,521
526,581
537,535
575,581
636,635
643,657
687,682
738,730
804,815
861,900
940,961
1028,1053
1098,1128
1187,1210
1264,1291
1320,1361
1468,1463
1494,1535
1589,1622
1670,1712
1743,1751
1788,1828
1849,1843
1906,1918
1962,1948
1983,1985
2077,2008
2027,2023
2041,2051
2032,2020
2014,2001
2005,1945
1966,1951
1936,1906
1888,1831
1847,1776
1790,1738
1712,1677
1648,1595
1457,1530
1500,1451
1422,1364
1343,1274
1222,1190
1167,1128
1098,1031
1013,949
927,877
857,815
789,726
726,688
687,640
663,609
620,569
561,568
530,518
530,514
535,533
557,581
553,544
609,568
610,611
647,643
719,700
758,759
804,837
878,907
948,988
1030,1051
1112,1149
1206,1239
1287,1309
1362,1385
1449,1474
1524,1530
1602,1630
1668,1710
1739,1761
1809,1824
1879,1909
1927,1925
1953,1965
1990,1982
2032,2023
2027,2017
2036,2025
2035,2028
2010,2005
2001,1985
1967,1935
1937,1884
1885,1849
1839,1785
1771,1738
1727,1661
1641,1517
1577,1504
1487,1430
1391,1348
1311,1259
1237,1174
1150,1107
1077,1021
1001,937
922,864
844,798
791,728
713,674
674,637
630,594
579,570
566,531
511,513
531,515
529,492
533,523
557,547
583,585
607,620
647,659
702,731
765,778
818,851
896,926
968,988
1026,1078
1126,1155
1208,1243
1285,1317
1366,1401
1454,1448
1540,1571
1587,1641
1689,1683
1757,1768
1818,1837
1873,1849
1921,1929
1958,1971
1983,1997
1936,2016
2028,2035
2044,2024
2030,2015
2018,2004
1996,1996
1960,1933
1908,1902
1868,1844
1824,1781
1759,1725
1695,1652
1626,1582
1558,1503
1459,1411
1392,1335
1312,1254
1223,1153
1141,1084
1078,1017
987,908
901,858
826,787
757,727
713,666
674,637
618,585
592,554
557,521
531,511
529,523
531,542
542,516
558,549
586,579
626,627
661,673
740,727
770,779
839,855
895,923
976,1014
1052,1093
1138,1189
1222,1245
1308,1343
1392,1424
1473,1489
1501,1576
1589,1657
1703,1667
1760,1788
1831,1845
1879,1888
1909,2040
2055,1971
1975,1994
2020,2016
2044,2030
2032,2037
2026,2010
2014,1977
1988,1964
1955,1933
1920,1867
1871,1854
1811,1765
1754,1703
1687,1634
1610,1565
1545,1483
1467,1400
1374,1309
1279,1232
1244,1154
1129,1073
1048,987
960,910
894,830
818,799
774,723
700,687
653,623
610,598
583,543
549,525
535,518
524,518
529,540
519,534
562,568
585,612
630,626
654,683
716,739
778,795
877,868
920,939
991,1011
1070,1100
1180,1184
1242,1278
1319,1335
1401,1432
1505,1537
1557,1590
1647,1651
1702,1724
1780,1798
1843,1854
1885,1895
1936,1948
1970,1979
1991,1995
2025,2016
2040,2025
2038,2017
2025,2010
2010,1990
1978,1958
1955,1920
1923,1885
1861,1833
1808,1761
1767,1699
1679,1627
1612,1547
1534,1476
1448,1386
1367,1312
1281,1224
1192,1138
1121,1055
1033,958
971,905
875,835
816,748
765,710
696,664
649,611
609,589
583,553
568,525
535,516
529,532
529,529
543,541
566,573
574,607
635,649
665,725
728,736
781,803
857,884
926,952
1000,1031
1065,1104
1154,1198
1235,1233
1327,1372
1416,1443
1506,1491
1571,1605
1695,1676
1710,1699
1778,1807
1839,1867
1877,1908
1936,1946
1962,1971
2005,2000
2020,2038
2034,2025
2029,2024
2051,2016
2014,1984
1975,1958
1955,1901
1910,1871
1850,1819
1782,1751
1731,1658
1635,1609
1591,1519
1507,1455
1437,1365
1347,1284
1258,1207
1194,1131
1104,1041
1010,959
943,886
870,821
826,754
739,714
687,651
647,602
590,579
570,533
573,508
530,518
531,513
531,516
536,548
565,567
599,562
654,648
630,700
753,752
765,821
857,885
922,950
1014,1050
1208,1128
1180,1218
1257,1294
1346,1377
1430,1454
1513,1547
1578,1610
1675,1686
1711,1751
1797,1815
1862,1867
1905,1913
1944,1961
1978,1997
1997,2014
2015,1974
2036,2023
2032,2020
2038,1997
1944,1996
1973,1935
1940,1892
1907,1865
1845,1800
1786,1771
1727,1674
1653,1602
1588,1528
1505,1445
1421,1361
1330,1273
1259,1203
1130,1115
1089,1029
1021,951
935,879
858,793
797,742
725,708
673,645
627,598
596,562
558,564
548,465
521,525
526,488
553,519
535,534
581,577
596,620
640,650
670,700
757,765
810,834
918,882
948,975
1015,1014
1104,1195
1135,1217
1272,1308
1339,1393
1437,1466
1526,1548
1588,1618
1669,1698
1728,1763
1806,1836
1886,1873
1909,1939
1921,1957
1971,1985
2014,1999
2027,2022
2035,1996
2031,2020
2005,2010
1994,1978
1967,1948
1916,1910
1898,1844
1838,1797
1766,1606
1708,1668
1642,1592
1548,1515
1481,1431
1411,1359
1335,1262
1235,1188
1183,1107
1078,1020
989,959
932,860
848,804
774,737
723,680
663,644
631,608
586,570
561,547
537,512
568,505
540,517
522,526
556,533
583,596
609,624
643,663
699,714
765,774
818,816
926,908
956,964
1038,1061
1118,1158
1208,1233
1260,1312
1366,1374
1418,1489
1558,1566
1624,1637
1676,1700
1768,1781
1818,1830
1850,1879
1917,1928
1949,1965
2004,1983
2011,2008
2027,2026
2026,2026
2023,2008
1992,1995
1988,1967
1963,1944
1939,1901
1883,1842
1888,1781
1775,1716
1701,1652
1638,1585
1553,1505
1483,1429
1398,1338
1311,1249
1217,1160
1145,1089
1061,1014
983,928
931,868
833,792
778,727
713,684
669,625
622,584
583,553
568,526
537,517
520,517
479,503
543,544
552,555
583,591
609,624
670,663
736,728
751,789
826,841
922,933
972,970
1062,1089
1135,1172
1202,1249
1296,1344
1364,1398
1467,1500
1546,1578
1631,1647
1645,1725
1754,1781
1831,1830
1882,1891
1936,1941
1963,1986
1999,1989
2017,2023
2025,2015
2046,2045
2044,2010
2014,1991
1997,1986
1925,1922
1918,1892
1863,1910
1820,1716
1731,1711
1697,1648
1613,1579
1546,1491
1466,1348
1395,1322
1294,1232
1204,1178
1132,1085
1048,1000
974,911
896,851
822,787
765,726
708,667
657,778
613,568
585,545
565,530
531,513
517,524
528,526
526,536
558,556
576,594
626,621
661,671
761,714
712,808
844,864
898,921
979,1012
1088,1117
1147,1237
1234,1259
1311,1310
1391,1427
1470,1547
1554,1587
1635,1657
1675,1754
1763,1791
1832,1846
1853,1915
1918,1914
1979,1991
1996,2017
2018,2019
2025,2022
2039,2025
2032,2008
2014,1996
2002,1965
1936,1940
1919,1881
1888,1840
1801,1768
1743,1696
1739,1628
1610,1541
1539,1477
1448,1385
1364,1349
1281,1226
1192,1141
1119,1065
1057,1011
972,893
891,834
818,748
764,717
717,650
620,615
661,579
573,551
557,528
531,474
531,543
528,503
527,541
583,573
594,597
624,635
671,693
722,714
791,813
852,870
920,933
999,1040
1074,1104
1155,1193
1196,1276
1325,1349
1401,1462
1431,1526
1569,1610
1649,1686
1714,1740
1783,1807
1836,1884
1882,1905
1935,1949
1962,1958
2017,2017
2014,2023
2014,2023
2038,2030
2028,2012
1999,1986
1970,1946
2023,1905
1908,1875
1862,1789
1791,1773
1718,1691
1672,1603
1604,1550
1521,1464
1444,1360
1348,1297
1269,1245
1192,1132
1116,1054
1026,959
948,889
833,828
832,765
761,712
703,650
635,622
581,576
556,547
524,529
532,511
533,518
514,500
540,541
555,512
597,605
635,642
679,761
739,751
790,820
859,933
922,959
983,1038
1088,1119
1173,1205
1270,1318
1375,1367
1422,1455
1498,1530
1564,1615
1639,1699
1724,1743
1806,1815
1845,1850
1899,1922
1934,1995
1975,1987
2003,2012
2015,2019
2043,2034
2045,2021
2014,2003
2003,1974
1986,1956
1939,1907
1903,1867
1873,1815
1787,1734
1728,1681
1668,1591
1583,1536
1511,1439
1429,1357
1341,1281
1261,1214
1165,1121
1065,1029
1013,959
896,874
867,810
804,752
722,705
687,648
637,598
600,570
578,542
540,525
526,511
526,524
505,530
543,576
596,578
596,624
633,716
693,700
746,734
840,824
862,886
945,956
1021,1049
1102,1136
1170,1214
1259,1326
1352,1374
1429,1425
1509,1537
1609,1619
1669,1694
1729,1764
1786,1813
1851,1893
1913,1914
1955,1956
1978,1985
1987,2012
2077,2012
2014,2037
2036,2015
2031,1997
2001,2000
1981,1957
1936,1886
1882,1860
1847,1794
1788,1738
1711,1665
1642,1600
1577,1528
1494,1434
1395,1351
1317,1271
1258,1193
1170,1108
1102,1031
1007,950
922,881
851,829
791,731
726,691
672,635
635,610
589,565
560,567
574,525
532,509
531,516
539,481
539,553
589,585
612,602
678,663
691,720
761,772
789,830
883,910
958,1000
1052,1071
1106,1147
1195,1218
1248,1315
1365,1393
1444,1452
1540,1556
1577,1629
1679,1626
1743,1738
1772,1830
1865,1882
1895,1923
1979,1982
1988,1997
2016,2011
2045,2023
2025,2032
2025,2025
2019,2006
1993,1965
1962,1943
1927,1919
1884,1845
1836,1789
1771,1704
1706,1647
1643,1586
1552,1508
1486,1439
1400,1346
1318,1260
1219,1172
1155,1093
1067,1005
976,933
923,863
845,798
778,718
719,686
670,637
625,605
587,555
561,544
543,519
533,510
531,518
539,531
503,537
595,592
617,561
609,674
704,722
765,783
826,851
896,919
963,997
1040,1069
1131,1162
1208,1229
1424,1314
1371,1412
1464,1542
1544,1558
1612,1645
1679,1713
1750,1797
1835,1834
1872,1906
1923,1894
1975,1971
1976,1993
1971,2010
2027,2043
2028,1986
2028,2009
2025,1953
2017,1970
1965,1929
1925,1893
1887,1824
1823,1778
1765,1716
1688,1639
1622,1568
1548,1506
1471,1417
1408,1331
1303,1252
1259,1164
1142,1111
1057,1005
987,916
976,866
835,777
773,723
708,677
683,609
615,531
583,551
555,530
534,518
529,515
530,505
536,529
574,556
587,591
605,618
649,655
718,727
778,833
844,880
896,926
989,989
1074,1081
1140,1168
1233,1268
1301,1332
1392,1491
1455,1451
1546,1586
1621,1644
1700,1698
1770,1755
1838,1850
1872,1905
1940,1944
1981,1980
1992,1997
2028,2030
2040,2032
2030,2020
2020,2038
2006,1984
1988,1940
1944,1939
1940,1891
1871,1841
1824,1738
1754,1732
1676,1634
1615,1549
1529,1485
1442,1408
1374,1314
1286,1229
1152,1153
1122,1063
1027,1037
969,931
891,856
828,778
764,726
708,661
659,620
624,591
586,544
543,543
542,582
504,498
535,526
553,535
565,587
585,599
587,646
667,686
715,741
779,812
866,861
913,939
991,1037
1059,1087
1173,1182
1244,1263
1312,1374
1376,1437
1474,1513
1559,1586
1639,1661
1706,1748
1772,1781
1806,1867
1879,1904
1933,1946
1974,1988
2001,2003
2041,2025
2027,2033
2031,2023
2031,2011
2014,1988
1977,1967
1962,1909
1909,1872
1866,1811
1806,1764
1722,1700
1698,1627
1582,1546
1532,1463
1416,1395
1374,1299
1283,1219
1202,1139
1106,1057
1026,941
975,885
874,830
794,770
745,711
691,694
657,615
617,574
574,563
542,521
526,496
552,507
531,521
542,568
610,570
589,596
626,639
683,685
709,752
795,803
855,883
947,959
987,1027
1083,1120
1163,1184
1251,1271
1327,1360
1429,1449
1501,1519
1572,1596
1650,1682
1703,1751
1780,1836
1837,1853
1896,1905
1935,1938
1970,1977
2004,1999
2022,2009
2025,2023
2040,2012
2027,2010
1988,1986
1979,1953
1955,1919
1910,1882
1844,1815
1791,1764
1737,1678
1661,1595
1583,1519
1505,1466
1441,1374
1340,1284
1253,1202
1182,1122
1102,1045
1023,968
939,884
882,809
804,752
741,699
661,642
630,606
615,572
608,555
539,519
526,510
514,514
505,523
542,534
583,570
601,602
638,650
670,708
713,778
803,783
872,900
939,977
1013,1019
1098,1124
1187,1205
1261,1271
1327,1374
1403,1471
1503,1539
1585,1616
1659,1652
1733,1751
1806,1781
1849,1854
1901,1916
1945,1951
1976,1997
2007,2010
2027,2044
2038,2023
2036,2023
2025,2003
1988,1986
1974,1944
1944,1915
1897,1862
1843,1795
1798,1738
1720,1678
1641,1601
1572,1519
1503,1451
1416,1434
1291,1276
1229,1190
1230,1104
1085,1035
1013,945
919,868
791,812
787,754
742,686
692,636
648,597
592,570
565,524
543,530
530,532
531,521
535,529
550,547
555,563
605,611
659,704
705,702
744,767
800,756
873,893
944,969
1022,1061
1111,1133
1199,1226
1269,1314
1362,1382
1437,1453
1514,1545
1633,1629
1661,1684
1759,1755
1806,1815
1868,1878
1905,1923
1950,1958
1996,1961
2006,2008
2028,2015
2035,2023
2014,2012
2053,1997
1992,1976
1981,1971
1936,1901
1876,1849
1840,1815
1757,1737
1708,1648
1640,1584
1561,1523
1486,1438
1405,1348
1321,1268
1247,1180
1156,1130
1099,1021
1000,941
897,902
813,793
780,740
729,699
665,631
626,598
589,549
595,530
552,518
527,564
524,500
529,532
552,547
576,568
611,623
663,662
709,712
763,774
819,851
892,903
1068,989
1043,1077
1126,1159
1207,1236
1256,1327
1364,1358
1416,1478
1541,1577
1618,1639
1682,1690
1752,1764
1818,1807
1859,1886
1916,1917
1947,1971
1996,2008
2012,2011
2026,2036
2036,2023
2046,2016
2016,2009
1986,1968
1947,1938
1920,1895
1885,1813
1835,1746
1775,1725
1702,1622
1655,1579
1553,1487
1479,1416
1405,1328
1305,1256
1212,1167
1144,1042
1060,1002
982,921
909,858
851,778
753,726
712,664
661,628
625,596
589,538
496,539
533,516
534,516
523,510
530,529
553,544
583,582
644,618
648,674
711,735
765,773
835,855
901,912
973,999
1050,1082
1135,1170
1213,1250
1292,1322
1390,1401
1461,1491
1527,1581
1619,1660
1676,1713
1740,1756
1820,1865
1886,1896
1867,1944
1953,1968
1998,1974
2000,2028
2027,1991
2036,2023
2000,2010
2007,1990
1963,1963
1949,1928
1915,1891
1878,1832
1819,1785
1753,1747
1706,1638
1613,1562
1539,1478
1468,1382
1373,1320
1251,1229
1211,1150
1148,1076
1052,996
1000,911
887,876
834,778
767,718
705,681
609,638
623,569
578,591
557,554
532,505
526,438
509,516
533,514
560,581
584,596
608,638
615,682
700,735
774,782
832,868
915,937
1000,1030
1064,1100
1147,1167
1226,1281
1316,1344
1403,1452
1483,1521
1560,1592
1635,1656
1702,1766
1729,1802
1832,1850
1885,1898
1922,1943
1962,1977
1996,2002
2024,2055
2022,2022
2101,2022
2027,1995
2026,1997
1988,1950
1958,1920
1910,1873
1869,1828
1778,1768
1781,1692
1664,1633
1610,1495
1546,1479
1453,1399
1366,1309
1261,1216
1199,1151
1118,1048
1039,989
955,900
883,678
811,765
748,734
701,652
648,641
609,575
578,515
557,530
532,505
517,517
531,532
535,550
542,562
596,568
660,643
687,688
703,738
787,821
849,869
887,921
976,1025
1056,1106
1154,1207
1229,1295
1322,1352
1399,1409
1494,1526
1572,1628
1643,1688
1730,1738
1752,1799
1832,1867
1897,1902
1948,1952
1971,1980
2004,2008
2020,2019
2036,2043
2020,2030
2041,2009
2020,1984
1978,1935
1942,1916
1903,1889
1861,1821
1820,1749
1736,1686
1658,1622
1596,1542
1520,1476
1432,1369
1352,1287
1257,1211
1191,1128
1098,1124
1038,988
967,894
868,848
804,755
765,700
687,625
644,607
609,584
561,542
536,522
484,508
530,518
515,522
543,543
574,575
601,622
654,643
687,705
738,734
780,812
861,881
939,958
1078,1051
1096,1125
1173,1200
1267,1291
1338,1374
1417,1452
1496,1526
1585,1615
1647,1664
1727,1755
1783,1819
1850,1867
1910,1907
1942,1953
1974,1989
2005,2049
2040,1997
2037,2066
2020,2023
2020,1999
2006,1983
1974,1980
1936,1917
1903,1857
1840,1817
1786,1764
1728,1671
1656,1607
1585,1530
1485,1489
1429,1363
1337,1283
1248,1202
1181,1133
1106,1038
1017,958
933,885
878,817
797,752
735,696
674,638
639,608
597,568
571,543
535,540
526,501
531,524
526,509
555,550
570,574
596,609
634,674
683,700
740,754
791,830
869,898
938,971
1021,1058
1104,1141
1182,1211
1275,1279
1344,1363
1438,1461
1520,1543
1588,1614
1686,1684
1730,1764
1789,1811
1856,1882
1909,1922
1948,1880
1983,1997
2001,2011
2017,2021
2042,2025
2036,2012
2019,2001
1995,1971
1963,1947
1940,1907
1842,1859
1835,1790
1781,1743
1716,1659
1653,1601
1560,1515
1496,1435
1409,1350
1325,1251
1240,1182
1156,1115
1078,1025
996,938
932,867
854,792
791,737
762,673
665,633
635,597
596,563
521,531
549,527
525,516
530,492
531,530
557,548
581,587
617,631
656,667
691,713
750,778
826,835
877,907
957,990
1035,1065
1104,1147
1193,1224
1281,1317
1364,1395
1444,1481
1531,1554
1615,1619
1676,1734
1742,1734
1807,1823
1860,1892
1918,1974
1953,1954
1993,2010
2003,2011
2029,2022
2042,1944
2014,2008
2014,2002
1970,1978
1963,1939
1935,1894
1912,1845
1830,1782
1781,1712
1705,1661
1627,1581
1548,1510
1492,1426
1415,1341
1310,1215
1236,1171
1142,1074
1067,1017
998,928
909,855
839,793
783,727
755,672
665,629
623,591
586,549
569,526
540,563
527,515
527,514
532,523
557,552
596,591
609,550
641,694
699,713
768,817
849,847
916,937
963,1011
1050,1027
1130,1104
1217,1243
1292,1328
1366,1416
1481,1558
1507,1556
1632,1651
1689,1713
1755,1776
1811,1828
1878,1903
1914,1927
1962,1952
1945,1988
2019,2004
2039,2023
2092,2023
2027,2016
2036,1997
1989,1972
1961,1924
1923,1931
1853,1849
1776,1789
1762,1710
1702,1652
1624,1587
1546,1491
1469,1409
1388,1335
1300,1177
1219,1150
1080,1042
1041,998
978,926
901,853
818,783
763,725
659,662
683,630
618,563
579,551
557,555
536,511
464,513
531,517
516,526
566,560
587,595
618,626
661,648
707,728
806,778
836,866
926,931
984,1076
1052,1089
1156,1167
1218,1245
1313,1327
1400,1414
1468,1487
1557,1543
1615,1656
1702,1720
1767,1778
1832,1841
1888,1892
1924,1941
1963,1978
1977,1993
2014,2021
2017,2023
2014,2025
2024,2004
1980,2002
1988,1964
1958,1923
1914,1879
1870,1841
1867,1782
1750,1697
1678,1635
1594,1553
1542,1550
1466,1405
1365,1314
1287,1221
1206,1142
1140,1063
1048,983
920,913
883,844
818,776
754,702
727,665
659,622
609,579
587,543
548,538
536,584
490,517
527,516
543,537
557,570
596,598
625,633
668,659
735,746
783,816
829,866
916,945
999,1029
1074,1104
1157,1206
1233,1284
1323,1276
1415,1431
1486,1495
1567,1590
1636,1661
1721,1732
1770,1790
1840,1850
1886,1898
1913,1956
1962,1978
2066,2001
2017,2015
2014,2023
2018,2018
2038,2002
2012,1993
1940,1956
1949,1918
1905,1909
1862,1819
1832,1767
1732,1686
1663,1558
1585,1545
1528,1478
1448,1386
1366,1297
1279,1219
1184,1149
1119,1052
1050,977
957,895
878,824
805,740
750,648
685,639
648,611
603,564
573,540
531,519
525,528
569,490
531,519
550,600
583,568
596,604
631,641
687,688
731,753
791,812
870,831
862,949
1012,1027
1054,1177
1165,1193
1234,1284
1337,1369
1414,1452
1505,1520
1593,1612
1653,1682
1718,1748
1788,1806
1848,1881
1836,1914
1945,1953
1978,2004
2001,2011
2022,2023
2032,2017
2036,2019
2001,1998
1997,1983
1969,1956
1945,1915
1893,1850
1854,1815
1815,1745
1734,1683
1677,1622
1588,1532
1508,1458
1434,1367
1343,1281
1269,1224
1178,1121
1090,1042
1017,957
933,892
875,826
793,756
739,700
677,648
639,619
604,574
623,538
540,500
514,520
523,518
559,510
522,554
596,575
601,613
648,662
687,651
739,632
807,825
887,885
945,984
1023,1038
1092,1123
1157,1209
1269,1294
1347,1370
1419,1452
1508,1582
1560,1605
1668,1699
1724,1748
1792,1832
1855,1868
1897,1911
2000,1952
1976,2008
1992,2037
2066,2016
2041,2026
2038,2034
2014,1998
2003,2008
1983,1944
1941,1905
1895,1942
1814,1815
1763,1727
1714,1668
1650,1604
1588,1525
1494,1439
1435,1347
1331,1268
1238,1209
1165,1107
1052,1022
1004,955
924,856
846,812
792,749
729,647
680,647
628,618
578,568
527,550
543,538
531,504
526,506
535,536
539,548
568,570
609,613
647,570
691,705
713,778
818,829
896,865
945,986
1026,1064
1108,1142
1196,1204
1275,1317
1356,1398
1450,1477
1520,1558
1612,1634
1665,1697
1766,1758
1801,1825
1858,1856
1909,1919
1949,1958
1988,1986
2005,2014
2025,2036
2046,2023
2019,2023
2018,1995
1997,1986
1975,1938
1927,1901
1879,1836
1836,1968
1772,1734
1714,1660
1637,1586
1571,1494
1487,1427
1400,1346
1352,1271
1236,1182
1146,1088
1078,1017
999,965
910,856
799,791
776,738
721,682
704,650
619,596
587,555
557,532
531,523
531,510
523,513
550,525
573,552
583,649
630,620
652,637
698,721
757,778
821,856
896,922
965,997
1051,1078
1125,1163
1208,1228
1287,1319
1371,1409
1457,1485
1503,1564
1592,1645
1666,1701
1752,1772
1840,1837
1880,1882
1927,1921
1919,1990
1986,1997
2004,1997
2019,2040
2026,1986
2030,2003
2033,1993
1992,1967
1964,1926
1910,1892
1879,1842
1819,1782
1757,1723
1697,1647
1598,1582
1551,1495
1483,1426
1390,1331
1297,1249
1212,1145
1138,1080
1009,1002
983,950
906,855
833,811
768,726
709,670
636,635
617,593
609,555
568,532
527,515
523,516
524,518
534,529
555,562
583,788
620,633
664,674
709,752
748,803
830,852
896,931
969,1011
1047,1082
1134,1167
1222,1245
1293,1338
1372,1419
1466,1462
1625,1581
1628,1647
1688,1724
1767,1802
1830,1847
1876,1883
1931,1950
1960,1954
1994,1999
2014,2023
2019,2023
2039,2021
2032,2012
2010,2008
2002,1963
1957,1929
1922,1889
1879,1832
1814,1764
1763,1701
1693,1652
1623,1569
1601,1489
1470,1401
1353,1318
1282,1232
1215,1155
1118,1076
1035,1001
1010,911
900,853
813,830
755,714
700,666
663,605
609,613
576,544
561,524
524,518
529,513
525,511
535,543
568,566
594,585
635,635
661,679
713,744
776,799
818,872
905,939
990,1015
1091,1087
1093,1193
1232,1275
1313,1362
1400,1372
1527,1513
1557,1581
1627,1648
1706,1729
1762,1794
1859,1854
1885,1928
1934,1971
1970,1959
1981,2014
2033,2028
2077,2025
2028,2017
2027,2006
1990,1983
1988,1959
1973,1879
1919,1879
1859,1826
1806,1761
1766,1699
1653,1627
1606,1555
1522,1475
1443,1382
1364,1344
1320,1232
1191,1141
1130,1010
1037,988
959,907
883,830
809,748
745,708
696,654
648,611
611,572
583,544
557,528
534,505
525,508
526,525
529,538
560,563
594,593
630,642
687,687
714,737
789,812
818,883
921,947
996,1037
1053,1100
1157,1227
1242,1266
1327,1364
1413,1445
1489,1517
1507,1601
1653,1671
1728,1732
1773,1794
1856,1865
1895,1906
1924,1983
1975,1986
2001,1998
2018,2014
2046,2017
2040,2015
2027,2018
1997,1986
1975,1955
1966,1895
1892,1863
1856,1811
1805,1738
1710,1682
1661,1607
1596,1537
1501,1464
1400,1387
1367,1283
1259,1215
1179,1126
1103,1043
1028,937
952,881
878,817
804,752
753,683
690,640
651,577
597,575
573,542
533,556
519,496
523,518
527,517
554,537
506,588
599,608
645,648
661,705
715,752
805,812
857,890
910,959
1020,1033
1098,1117
1174,1207
1287,1267
1374,1370
1424,1458
1511,1550
1574,1588
1665,1677
1720,1800
1784,1815
1806,1853
1898,1919
1940,1949
1979,1999
2002,2009
2017,2021
2075,2029
2034,2016
2038,2003
1991,1979
1983,1949
1940,1905
1879,1869
1846,1824
1786,1745
1741,1687
1661,1603
1590,1533
1500,1470
1429,1357
1340,1286
1259,1193
1234,1127
1085,1035
1013,1001
937,886
870,812
775,718
739,685
683,637
635,598
599,567
582,535
540,519
485,507
524,518
526,519
550,527
574,572
601,601
649,650
639,697
742,763
804,858
885,889
945,963
1013,998
1091,1130
1161,1219
1273,1297
1334,1413
1447,1461
1523,1543
1590,1603
1666,1694
1735,1776
1806,1824
1836,1888
1903,1956
1945,1956
1983,1990
1994,2005
2033,2045
2040,2022
2036,2011
2015,2002
2005,1968
1979,1946
1922,1888
1895,1849
1828,1781
1769,1708
1715,1668
1660,1598
1572,1523
1481,1409
1414,1302
1331,1271
1243,1155
1130,1094
1079,1024
992,931
919,868
853,799
813,749
726,654
670,636
632,600
596,565
558,532
548,525
524,517
549,565
542,531
561,544
583,573
597,628
644,657
687,710
817,783
813,865
874,885
965,984
1044,1062
1094,1089
1191,1226
1286,1308
1374,1404
1482,1476
1541,1556
1612,1603
1664,1699
1746,1776
1811,1831
1869,1845
1915,1936
1951,1982
1991,1998
2031,2027
2031,1980
2062,2019
2027,2032
2006,1997
1996,1970
1981,1931
1928,1891
1875,1849
1822,1774
1763,1717
1703,1657
1643,1587
1555,1478
1483,1478
1373,1322
1308,1245
1226,1147
1168,1090
1065,1013
997,896
913,864
842,793
774,724
717,683
679,630
626,594
601,575
552,539
508,522
523,514
529,520
540,527
562,548
557,549
619,628
661,680
705,728
765,777
828,841
890,924
971,1007
1051,1064
1130,1141
1238,1250
1296,1187
1357,1405
1472,1484
1538,1574
1607,1647
1682,1694
1760,1779
1820,1837
1827,1866
1918,1923
1957,1978
1955,1999
1989,2008
2031,2075
2037,2046
2030,2010
2014,2000
2001,1969
1949,1919
1926,1893
1884,1837
1822,1725
1760,1693
1697,1717
1623,1571
1545,1489
1469,1404
1390,1341
1289,1241
1187,1115
1135,1065
1057,997
973,906
896,840
818,676
765,714
715,665
651,597
612,610
587,552
504,534
531,504
530,529
576,522
543,530
557,613
619,596
635,639
651,722
710,743
778,804
843,838
916,905
955,1010
1065,1091
1121,1183
1234,1257
1300,1340
1395,1425
1469,1504
1550,1581
1630,1658
1703,1734
1775,1787
1831,1878
1832,1901
1926,1941
1963,1972
1989,2000
2017,2022
2018,2031
2040,2022
2025,2010
2010,1963
1986,1962
1949,1933
1920,1896
1869,1851
1806,1762
1763,1695
1633,1633
1617,1556
1535,1463
1514,1348
1437,1305
1287,1227
1196,1110
1108,1063
1042,988
960,924
865,838
813,765
761,719
700,634
664,631
609,594
573,549
615,524
533,505
535,444
562,518
566,545
559,566
591,594
613,636
666,679
721,748
783,783
870,868
909,938
1001,1022
1070,1143
1170,1189
1236,1274
1327,1358
1410,1478
1496,1519
1564,1582
1649,1669
1666,1710
1782,1798
1841,1867
1886,1906
1936,1939
1973,1955
2007,2002
2014,2017
2030,2021
2032,2016
2027,2006
2007,1996
1980,1954
1981,1920
1906,1879
1859,1820
1801,1740
1718,1681
1672,1695
1613,1549
1528,1468
1475,1376
1353,1301
1272,1219
1187,1135
1100,1051
1032,959
948,912
869,808
800,764
760,705
688,653
648,618
583,571
569,503
571,527
534,517
537,518
529,589
570,530
573,545
586,604
635,643
677,623
717,736
805,816
835,881
924,959
978,1042
1098,1112
1175,1201
1260,1276
1325,1359
1431,1451
1507,1520
1580,1607
1654,1661
1791,1738
1792,1807
1853,1945
1916,1901
1921,1947
1980,1991
2007,2003
2023,2015
2027,2032
2031,2021
2014,2001
1997,1983
2004,1948
1922,1919
1901,1867
1832,1816
1781,1741
1722,1678
1653,1554
1572,1536
1506,1448
1420,1369
1340,1260
1257,1213
1174,1122
1100,1044
1021,954
923,881
855,827
796,753
755,704
682,645
646,629
583,570
569,539
549,519
524,509
572,441
542,523
535,534
582,550
596,598
646,618
705,696
744,764
805,819
857,895
944,960
1026,1048
1092,1121
1178,1219
1248,1289
1355,1377
1431,1490
1501,1540
1592,1619
1666,1644
1731,1759
1779,1815
1858,1872
1901,1918
1937,1950
1962,1986
2010,1974
2045,2008
2035,2025
2027,2019
2026,2021
2030,1971
1973,1845
2018,1901
1893,1858
1832,1808
1778,1749
1719,1662
1645,1608
1579,1525
1510,1445
1398,1356
1326,1279
1234,1180
1160,1134
1087,1018
1013,949
922,873
854,804
791,748
748,678
690,608
635,587
604,570
561,532
535,521
520,516
528,519
531,530
557,565
575,585
621,620
651,658
696,714
761,793
806,833
873,900
953,925
1022,1074
1116,1141
1193,1219
1310,1296
1338,1383
1446,1447
1525,1556
1610,1634
1666,1712
1741,1764
1770,1817
1862,1891
1880,1909
1950,1933
2001,1997
2005,1982
2021,2014
2042,2044
2022,2021
2015,2001
2007,1973
1970,1943
1942,1896
1887,1852
1856,1782
1752,1737
1702,1657
1645,1582
1558,1494
1483,1429
1404,1340
1324,1253
1247,1175
1156,1069
1049,1020
1018,932
909,881
846,789
726,738
742,694
670,637
600,596
574,549
557,517
534,525
526,514
521,446
501,573
531,562
581,577
600,614
656,672
690,748
745,783
819,851
886,916
985,999
1048,1089
1119,1161
1240,1233
1289,1327
1395,1408
1457,1484
1547,1578
1622,1648
1681,1722
1740,1776
1824,1849
1867,1896
1916,1919
1957,1958
1988,1995
2007,2009
2030,2024
2031,2034
2027,2008
1993,1992
1988,1988
1975,1885
1914,1899
1876,1849
1824,1766
1742,1708
1693,1648
1637,1579
1549,1499
1468,1412
1383,1344
1299,1247
1168,1160
1145,1080
1057,1007
998,916
896,843
848,847
765,728
726,674
635,586
621,582
596,551
542,519
531,520
534,522
531,594
532,533
591,566
586,589
597,682
661,661
702,751
774,787
830,860
901,924
992,986
1036,1078
1147,1164
1206,1260
1294,1332
1402,1411
1473,1510
1549,1579
1637,1660
1698,1729
1769,1813
1831,1843
1883,1892
1921,1937
1988,1975
1988,1989
2040,2025
2027,2038
2048,2023
2027,2009
2012,1993
1957,1971
1953,1923
1921,1883
1869,1824
1817,1784
1739,1704
1643,1662
1605,1561
1546,1501
1480,1400
1370,1309
1282,1219
1204,1152
1150,1064
1048,997
1004,907
893,824
818,776
751,712
700,668
663,638
613,577
584,546
557,570
531,526
532,518
527,521
542,543
535,553
590,629
624,639
648,676
716,722
778,804
805,870
918,945
984,1013
1074,1065
1156,1180
1233,1271
1313,1344
1370,1430
1483,1521
1556,1578
1635,1661
1705,1729
1773,1785
1840,1855
1882,1904
1936,1953
1973,1998
1994,2005
2023,2045
2028,2025
2058,2025
2024,2008
2014,1985
1996,1977
1955,1922
1900,1880
1850,1828
1805,1761
1734,1685
1677,1619
1603,1545
1527,1477
1513,1386
1388,1302
1280,1255
1182,1141
1118,1063
1025,1016
944,892
851,831
817,770
748,725
693,664
657,611
609,578
583,547
557,531
531,518
526,510
530,517
548,549
570,573
602,602
639,641
670,680
709,742
800,806
854,881
909,941
1013,1030
1077,1115
1171,1188
1244,1271
1332,1352
1415,1439
1575,1535
1563,1582
1651,1672
1712,1759
1769,1722
1814,1860
1896,1867
1940,1950
1976,1969
2003,1998
2016,2016
2040,2023
2009,2019
2007,2012
2011,1986
1974,1976
1936,1914
1909,1863
1849,1834
1835,1749
1733,1688
1677,1609
1587,1541
1511,1459
1431,1363
1351,1317
1261,1212
1182,1117
1105,1037
1021,1011
944,897
865,818
807,757
748,699
685,636
643,598
608,556
565,555
552,524
529,467
524,520
526,521
560,536
583,566
635,607
648,650
701,700
731,761
797,819
819,891
939,960
994,1037
1105,1140
1179,1207
1262,1271
1348,1387
1494,1468
1500,1538
1583,1627
1655,1688
1723,1737
1781,1820
1856,1858
1909,1906
1941,1937
1988,1984
2003,2036
2027,2023
2036,2001
2056,1997
2016,1995
2005,1974
1983,1944
1940,1905
1902,1866
1896,1790
1806,1737
1714,1662
1661,1608
1550,1517
1500,1447
1412,1344
1332,1295
1261,1259
1168,1125
1096,1035
1008,962
932,881
875,795
787,748
731,680
674,650
634,596
595,570
613,555
552,540
534,514
531,513
560,532
542,562
569,566
605,605
647,675
682,705
765,753
812,830
870,890
955,980
1034,1057
1104,1166
1185,1220
1278,1309
1346,1385
1449,1492
1500,1547
1622,1627
1673,1699
1741,1746
1806,1847
1867,1873
1897,1920
1949,2014
1988,1992
2014,2008
2046,2021
2042,2024
2040,2012
2080,2001
1989,1972
1953,1948
1926,1923
1892,1853
1859,1791
1768,1734
1693,1636
1599,1588
1561,1518
1483,1442
1411,1412
1327,1250
1231,1184
1169,1100
1078,1018
1000,948
909,868
844,801
797,734
721,684
665,635
630,596
589,532
540,530
535,522
533,514
526,514
530,530
553,536
583,578
612,627
626,667
710,725
765,777
818,830
881,908
911,980
1038,1063
1116,1155
1207,1232
1265,1322
1370,1406
1466,1484
1535,1532
1618,1635
1699,1704
1752,1769
1818,1845
1872,1883
1919,1928
1950,1962
1996,1993
2016,2009
2019,2025
2040,1997
2042,2015
2029,1988
1992,1990
1989,1931
1936,1889
1889,1832
1825,1761
1758,1712
1703,1656
1627,1607
1557,1497
1479,1395
1387,1336
1313,1254
1235,1193
1153,1093
1065,1011
939,926
906,855
861,778
809,751
714,674
662,628
618,571
596,561
570,536
532,518
522,466
526,514
535,531
554,550
574,589
613,647
661,679
709,727
757,756
819,858
893,918
965,1003
1050,1076
1136,1168
1224,1271
1316,1333
1364,1396
1462,1498
1537,1578
1611,1647
1684,1722
1770,1782
1836,1879
1881,1893
1934,1942
1965,1964
2001,2005
2026,2012
2026,2025
2036,2021
1989,2009
2010,1982
1981,1971
1976,1925
1918,1892
1880,1821
1822,1777
1752,1690
1685,1660
1617,1560
1539,1490
1505,1400
1365,1314
1293,1236
1213,1152
1138,1076
1052,994
974,899
894,844
844,776
763,715
709,648
598,631
614,573
582,564
551,534
543,516
526,534
522,321
533,531
565,580
585,598
635,642
652,684
716,752
787,795
832,872
904,937
989,1009
1065,1100
1156,1172
1236,1258
1315,1344
1400,1426
1473,1508
1559,1587
1634,1652
1710,1734
1779,1789
1814,1849
1888,1899
1909,1943
1908,1982
2001,2001
2018,2019
2027,1993
2049,2018
2004,2010
2011,2002
2001,1950
1893,1928
1909,1876
1879,1853
1792,1756
1741,1698
1679,1629
1609,1551
1514,1479
1449,1378
1369,1301
1284,1236
1202,1143
1129,1063
1061,1007
922,905
870,830
818,770
757,725
695,684
653,622
593,581
575,544
555,546
483,516
531,521
533,514
531,534
562,566
589,594
634,637
665,685
712,755
771,802
851,871
924,941
998,1030
1089,1107
1144,1195
1243,1271
1322,1351
1404,1416
1506,1536
1564,1605
1640,1670
1730,1712
1781,1793
1827,1866
1902,1907
1905,1965
1959,1975
1998,1989
2028,2024
2033,2076
2017,2011
2017,2012
2009,1986
1979,1944
1927,1914
1916,1881
1856,1841
1801,1745
1736,1691
1677,1618
1598,1518
1501,1460
1456,1380
1342,1289
1260,1205
1179,1128
1084,1112
1040,971
935,885
891,855
791,753
742,702
687,688
639,556
606,571
575,568
548,521
539,519
526,518
530,519
543,549
570,571
600,608
640,636
683,640
739,713
796,830
869,887
931,958
1094,1042
1087,1128
1171,1204
1260,1286
1318,1379
1427,1447
1506,1530
1582,1601
1674,1678
1727,1746
1814,1814
1845,1882
1900,1907
1953,1937
1983,1971
2010,2009
1988,2006
2036,2043
2032,2044
2014,2001
1993,1988
1975,1908
1927,1924
1888,1867
1858,1812
1785,1743
1731,1662
1654,1597
1598,1530
1494,1449
1446,1367
1340,1281
1260,1210
1178,1113
1089,1039
1000,951
937,881
854,813
804,752
735,697
695,640
641,597
594,577
583,544
535,514
507,475
540,513
536,523
539,547
573,584
604,619
624,649
691,704
738,751
696,818
845,897
927,984
1026,1065
1104,1138
1187,1210
1266,1297
1352,1393
1444,1458
1521,1545
1579,1617
1667,1686
1728,1701
1853,1843
1858,1877
1905,1919
1946,1956
1981,1976
2014,1991
2010,2018
2038,2049
2040,2012
2015,1999
2002,1992
1971,1945
1927,1909
1901,1862
1832,1792
1775,1727
1713,1665
1649,1596
1572,1514
1507,1438
1408,1344
1324,1330
1236,1198
1163,1105
1083,1024
992,941
925,881
859,802
787,736
731,678
670,615
635,594
588,573
563,539
543,513
526,516
526,514
515,529
555,551
583,582
609,620
655,663
701,710
765,766
799,831
883,911
959,998
1029,1066
1130,1145
1195,1231
1284,1313
1371,1396
1444,1474
1529,1575
1609,1660
1674,1690
1741,1764
1809,1862
1858,1883
1906,1893
1942,1963
1983,1992
2010,2008
2023,2022
2033,2023
2025,2022
2027,1999
1991,1971
1970,1935
1930,1899
1883,1854
1826,1768
1772,1712
1714,1658
1633,1591
1561,1474
1442,1427
1430,1338
1306,1278
1213,1169
1152,1090
1101,1031
996,909
909,863
832,800
770,727
721,675
670,622
628,585
594,556
462,582
548,521
531,506
529,518
526,564
511,548
575,594
615,669
714,686
698,729
770,787
837,863
903,920
978,1011
1048,1090
1127,1155
1217,1243
1275,1318
1370,1417
1460,1483
1540,1569
1612,1635
1689,1710
1784,1724
1822,1832
1871,1885
1918,1917
1952,1971
1996,1992
2011,1997
2030,2023
2043,2025
2035,2010
2023,1996
1945,1969
1958,1933
1926,1906
1733,1849
1848,1776
1755,1688
1658,1648
1614,1570
1553,1489
1472,1406
1376,1337
1294,1236
1221,1166
1131,1089
1052,968
948,959
900,849
842,784
758,718
709,658
630,624
610,570
579,556
553,529
530,493
531,518
526,529
531,528
555,570
573,571
622,624
662,664
709,726
776,798
852,858
844,907
979,1012
1064,1089
1144,1164
1207,1259
1304,1366
1418,1417
1481,1500
1544,1573
1624,1661
1689,1737
1759,1778
1832,1843
1884,1889
1927,1937
1965,1971
1992,1998
2018,2016
2027,2025
2036,2022
2030,2003
2010,1991
1999,1946
1952,1930
1903,1885
1832,1841
1773,1772
1744,1677
1679,1656
1612,1554
1543,1529
1457,1374
1360,1314
1278,1207
1219,1144
1118,1069
1052,988
965,884
888,865
822,770
765,712
702,679
631,617
610,578
579,547
557,530
530,546
478,530
531,525
533,542
559,565
591,603
630,648
675,678
712,740
784,800
844,860
919,939
988,1020
1069,1111
1160,1181
1236,1269
1322,1345
1413,1425
1450,1517
1570,1593
1639,1663
1701,1730
1766,1791
1842,1854
1887,1897
1938,1945
1970,1986
1994,2003
2017,2011
2025,2031
2039,2018
1998,2010
2018,1927
1957,1954
1940,1921
1905,1880
1869,1795
1798,1749
1740,1687
1667,1617
1600,1551
1518,1457
1443,1376
1356,1294
1265,1214
1183,1137
1114,1061
1026,982
948,894
870,825
816,757
750,795
693,642
645,596
602,585
600,547
566,521
504,507
511,517
514,539
552,569
573,556
596,621
635,637
674,689
739,755
790,808
851,932
1036,954
1010,1022
1073,1131
1167,1204
1246,1283
1339,1362
1429,1460
1485,1490
1578,1601
1649,1651
1728,1740
1784,1764
1832,1871
1895,1897
1927,1949
1978,1927
2014,1997
2100,2015
2023,2025
2031,2015
2014,2009
1987,1978
1989,1954
1948,1911
1905,1843
1853,1820
1806,1762
1734,1674
1661,1599
1584,1536
1520,1461
1422,1369
1339,1272
1265,1213
1183,1128
1100,1046
1022,959
942,890
831,815
794,752
744,693
716,648
644,605
598,579
573,539
543,492
522,493
529,518
527,530
552,530
570,577
677,604
649,643
688,701
743,757
793,817
861,894
942,965
1013,1041
1098,1134
1186,1207
1327,1283
1343,1370
1433,1454
1507,1552
1594,1622
1663,1683
1687,1751
1818,1806
1833,1868
1901,1915
1944,1945
1978,1988
1960,2004
2031,2021
2036,2024
1991,2022
2016,2022
1996,1964
1966,1945
1942,1905
1895,1854
1851,1802
1780,1737
1719,1672
1642,1595
1598,1525
1500,1447
1438,1348
1327,1271
1247,1188
1174,1104
1100,1024
1004,950
922,874
870,806
792,746
731,689
609,645
621,598
592,567
561,539
543,516
532,527
537,517
535,513
536,537
581,581
609,622
642,659
689,702
734,765
830,835
878,907
946,985
1026,1060
1135,1136
1190,1222
1273,1308
1360,1400
1444,1486
1522,1549
1608,1628
1675,1695
1729,1753
1798,1818
1857,1839
1903,1941
1958,1962
1988,1944
1936,2023
2036,2021
2044,2012
2031,1989
1997,2012
2000,1972
1975,1939
1929,1878
1885,1844
1834,1806
1775,1732
1707,1660
1645,1583
1600,1519
1487,1437
1409,1348
1329,1253
1233,1177
1157,1095
1044,1025
1000,941
887,869
847,793
813,731
720,682
674,636
631,573
584,505
561,525
554,518
522,491
531,517
531,537
553,551
581,581
610,624
647,663
700,723
758,778
832,840
889,915
1017,981
1040,1077
1123,1154
1209,1237
1283,1317
1376,1400
1456,1478
1525,1565
1593,1613
1682,1715
1748,1775
1813,1840
1870,1859
1925,1934
1936,1969
1973,1993
2002,2012
2036,2025
2035,1962
2026,2006
2019,1991
1992,1970
1963,1948
1932,1893
1910,1841
1806,1785
1767,1719
1688,1649
1635,1586
1569,1499
1476,1421
1396,1327
1303,1254
1219,1165
1147,1075
1052,971
989,921
909,854
833,804
769,730
706,675
662,609
602,594
590,550
563,505
534,507
530,504
527,516
541,530
556,549
596,580
620,622
650,670
709,725
768,783
818,856
899,919
973,1005
1073,1072
1134,1168
1216,1253
1299,1335
1374,1360
1474,1499
1520,1601
1631,1658
1702,1738
1763,1781
1826,1831
1882,1911
1970,1957
1988,1971
1996,1983
2010,2021
2027,2027
2023,2022
2025,2009
2010,1994
1966,1957
1954,1928
1910,1883
1879,1855
1816,1768
1773,1698
1688,1646
1625,1567
1518,1479
1466,1404
1387,1320
1287,1232
1204,1142
1122,1063
1052,993
978,907
892,838
797,776
765,715
703,680
653,622
626,575
578,568
543,529
575,527
523,513
531,515
527,552
561,568
581,596
618,627
665,682
724,734
778,786
840,860
909,939
1004,1021
1066,1102
1200,1185
1206,1268
1323,1346
1392,1433
1522,1503
1572,1595
1642,1678
1713,1729
1747,1813
1831,1847
1872,1886
1927,1948
1989,1976
1992,1993
2020,2027
2046,2021
2027,2007
2029,2022
1997,1983
1991,1960
1950,1918
1916,1867
1840,1830
1808,1751
1734,1694
1676,1599
1612,1564
1528,1479
1445,1364
1365,1301
1285,1211
1199,1137
1118,1074
1039,988
958,921
885,830
813,760
731,714
699,629
648,611
600,583
580,556
564,530
572,569
573,513
527,523
538,537
569,570
596,589
635,648
683,695
730,746
779,806
862,881
887,971
1000,1024
1105,1130
1183,1185
1253,1279
1327,1360
1400,1444
1496,1489
1592,1600
1646,1675
1718,1716
1780,1811
1849,1859
1896,1912
1944,1938
1965,1950
2004,1974
2018,2019
1988,2031
2036,2032
2027,2009
1973,1993
1978,1945
1945,1926
1909,1867
1855,1819
1802,1759
1792,1680
1666,1617
1595,1506
1520,1464
1437,1375
1347,1312
1271,1202
1183,1140
1105,1049
1037,952
936,885
870,807
812,783
738,771
690,648
635,609
594,571
574,563
578,501
529,511
540,523
531,521
534,544
578,584
626,602
635,650
635,693
732,748
806,760
826,890
933,933
1018,990
1100,1130
1173,1195
1261,1331
1340,1370
1417,1460
1501,1548
1583,1604
1662,1694
1727,1818
1776,1810
1843,1866
1908,1911
1978,1951
1988,1990
2005,2006
2003,2004
2030,2025
2031,2009
2023,2024
2027,1978
1986,1943
1945,1907
1809,1879
1845,1820
1786,1750
1715,1678
1653,1596
1578,1533
1481,1444
1429,1372
1328,1284
1265,1210
1118,1116
1099,1022
1021,959
922,882
862,825
791,756
731,690
679,639
639,611
596,572
564,539
536,489
530,523
526,517
543,496
557,532
566,575
594,614
646,649
596,713
700,752
801,842
870,896
948,976
1022,1081
1054,1176
1050,1221
1274,1305
1335,1399
1442,1467
1521,1484
1581,1634
1677,1687
1736,1738
1802,1823
1836,1897
1916,1918
1942,1970
1975,1975
1999,2016
2026,2024
2031,2025
2029,2012
2018,2001
2027,1991
1971,1948
1907,1876
1870,1852
1836,1789
1780,1725
1715,1661
1642,1605
1555,1513
1492,1409
1405,1348
1325,1422
1235,1184
1113,1092
1079,1024
1013,946
896,876
852,812
783,737
726,688
671,633
628,597
596,568
582,533
551,525
524,504
524,516
591,544
557,568
531,582
609,619
643,654
701,714
758,775
813,817
895,905
953,985
1041,1077
1104,1156
1190,1225
1283,1305
1366,1353
1444,1486
1523,1554
1619,1632
1683,1699
1758,1769
1815,1829
1866,1868
1921,1923
1975,1956
1975,2033
2012,2008
2027,2023
2055,2018
2023,2021
2023,2002
1967,1967
1962,1940
1936,1904
1857,1858
1833,1759
1755,1748
1702,1670
1635,1578
1560,1490
1474,1414
1399,1332
1309,1256
1232,1167
1155,1111
1072,1016
1000,918
900,855
831,787
770,728
717,678
660,624
628,585
585,565
557,529
536,485
532,517
450,513
534,525
569,547
589,579
627,633
644,665
713,750
776,780
822,860
852,921
974,1008
1038,1082
1117,1159
1218,1247
1290,1318
1376,1406
1495,1506
1546,1577
1639,1642
1691,1717
1758,1785
1819,1828
1897,1893
1913,1931
1970,1970
1987,1980
2013,2011
2031,2022
2038,2023
2017,2006
1994,2004
2012,1970
1963,1937
1923,1898
1871,1829
1797,1781
1754,1700
1688,1642
1623,1570
1541,1493
1479,1409
1387,1297
1311,1245
1216,1216
1148,1074
1053,1011
975,918
895,844
826,789
761,722
724,658
651,629
622,581
587,555
565,532
528,513
511,516
561,518
583,527
570,574
558,594
631,618
661,702
687,735
768,804
835,861
922,933
978,1014
1065,1090
1145,1209
1226,1256
1309,1324
1391,1430
1468,1477
1561,1582
1622,1660
1754,1725
1753,1746
1828,1841
1893,1901
1899,1939
1962,1944
1938,1998
2020,2031
2026,2008
1967,2034
1988,1997
2004,2003
1988,1961
1967,1922
1914,1862
1896,1838
1814,1772
1747,1699
1679,1652
1590,1543
1535,1482
1455,1385
1391,1339
1282,1237
1207,1142
1078,1063
1024,999
957,900
891,847
818,789
765,783
713,652
680,617
600,578
583,589
454,513
535,514
523,523
521,570
578,534
563,573
621,603
615,608
653,691
717,744
783,795
869,860
913,945
1009,1023
1070,1117
1159,1177
1222,1266
1322,1307
1411,1430
1518,1503
1560,1619
1648,1670
1728,1738
1770,1807
1834,1854
1882,1907
1935,1940
1974,2007
1992,2019
2033,2008
2029,2023
2023,2023
2027,1971
2004,1997
1990,1951
1924,1921
1909,1832
1874,1847
1808,1755
1741,1688
1676,1617
1584,1543
1520,1487
1429,1376
1358,1286
1269,1215
1218,1125
1109,1041
1028,985
948,890
873,827
744,761
752,701
698,648
670,617
603,609
571,518
571,518
602,508
522,466
528,556
530,540
575,522
600,610
622,636
682,685
728,770
776,820
861,883
956,985
997,1022
1086,1113
1179,1191
1249,1297
1342,1369
1424,1452
1500,1535
1548,1614
1648,1688
1745,1735
1780,1808
1843,1878
1901,1907
1944,1954
1975,1941
2004,2004
2019,2008
2035,2034
2027,2000
2016,2008
1996,1978
1983,1953
1937,1904
1910,1857
1858,1811
1785,1748
1754,1661
1654,1608
1644,1529
1514,1458
1446,1382
1340,1284
1265,1205
1187,1139
1084,1037
1015,959
933,881
859,804
830,748
732,701
657,631
652,596
623,581
570,568
531,517
591,514
505,547
501,519
552,562
570,579
601,610
635,661
652,679
739,762
752,827
878,895
933,968
1033,1046
1098,1141
1174,1220
1279,1297
1338,1376
1442,1458
1597,1530
1584,1617
1648,1689
1737,1751
1801,1842
1858,1866
1892,1919
1952,1956
1951,1999
1994,2010
2027,2016
2039,1996
1999,2021
2018,2008
1999,1978
1966,1960
1962,1905
1886,1853
1851,1811
1789,1738
1716,1664
1656,1607
1571,1526
1495,1438
1418,1345
1321,1270
1240,1181
1170,1114
1086,1028
1001,932
918,876
851,805
787,671
726,676
662,634
636,595
591,563
566,492
526,525
526,505
543,494
527,535
557,543
565,585
604,618
646,663
700,717
750,774
809,845
874,887
948,958
1035,1057
1110,1151
1200,1215
1274,1315
1360,1387
1444,1453
1542,1541
1582,1638
1690,1701
1745,1768
1817,1825
1861,1886
1911,1928
1955,1967
1976,2025
2010,2009
2088,2022
2035,2029
2017,2018
2016,2046
2001,1980
1970,1889
1909,1919
1883,1850
1861,1784
1774,1746
1700,1659
1636,1589
1553,1507
1490,1431
1411,1335
1300,1261
1204,1177
1157,1101
1074,995
923,937
911,871
842,779
717,739
715,699
664,640
657,549
587,556
570,536
520,518
530,522
530,499
534,493
557,555
583,595
607,598
647,663
700,722
760,767
845,843
895,923
948,1002
1046,1052
1128,1158
1203,1210
1289,1320
1376,1415
1457,1493
1534,1562
1633,1636
1682,1713
1757,1774
1809,1837
1864,1887
1910,1902
1957,1948
1987,1999
2013,2013
2029,2026
2023,1996
2024,2003
2053,2008
1996,1973
1975,1943
1925,1866
1851,1845
1832,1784
1763,1716
1675,1625
1626,1569
1557,1497
1457,1379
1376,1338
1301,1246
1230,1159
1141,1078
1064,1007
858,954
913,853
828,755
791,718
705,684
661,634
623,596
584,535
557,528
535,494
530,511
527,492
531,503
579,547
588,596
637,699
661,658
700,736
758,804
877,881
896,932
977,1012
1078,1094
1156,1168
1222,1255
1299,1364
1392,1412
1464,1496
1552,1568
1609,1656
1684,1683
1760,1785
1831,1854
1872,1963
1924,1931
1953,1941
1996,1990
2019,2021
2019,2003
2010,2023
2028,1999
2014,1987
1988,1971
1954,1928
1915,1859
1851,1831
1815,1786
1750,1700
1658,1636
1615,1548
1535,1478
1464,1398
1319,1310
1284,1265
1205,1185
1131,1065
1049,1011
968,870
886,838
818,766
727,713
715,650
653,621
609,570
685,541
542,530
553,513
542,543
531,505
531,540
560,581
592,594
629,641
672,683
692,744
781,740
807,870
900,935
1025,1011
1074,1097
1148,1182
1231,1262
1292,1347
1400,1438
1477,1512
1558,1612
1629,1669
1712,1725
1773,1792
1832,1860
1883,1895
1939,1943
1973,1979
2010,2006
2014,1993
2014,2023
2039,2023
2026,1998
2029,1982
1990,1960
1967,1937
1909,1867
1863,1832
1827,1766
1741,1693
1669,1630
1603,1551
1533,1482
1447,1387
1357,1301
1267,1215
1192,1139
1114,1062
1031,988
947,877
871,832
815,764
753,769
687,677
653,614
605,568
583,568
574,533
531,498
530,517
517,519
540,534
566,568
609,619
631,622
669,699
739,748
790,792
831,884
920,938
1000,1030
1073,1109
1180,1181
1245,1297
1319,1362
1417,1440
1496,1466
1567,1574
1648,1660
1716,1750
1791,1812
1832,1873
1896,1907
1919,1945
2007,1977
1999,1999
2014,1982
2030,2032
2028,2024
2023,2007
2010,1995
1979,1961
1944,1918
1911,1866
1857,1802
1770,1755
1732,1688
1658,1667
1592,1538
1518,1453
1439,1352
1347,1279
1267,1226
1180,1130
1104,1037
1023,941
925,868
854,815
800,694
747,686
696,652
651,607
602,596
566,536
543,518
534,515
537,488
550,518
537,545
570,573
604,611
635,642
636,697
737,753
774,774
870,885
937,959
1013,1059
1092,1194
1195,1210
1261,1113
1330,1374
1427,1454
1509,1541
1583,1620
1636,1682
1731,1757
1801,1766
1858,1873
1921,1914
1926,1956
1983,1982
1983,2091
1999,2019
2041,2034
2039,2041
2006,2010
1997,1977
1985,1948
1937,1918
1902,1854
1838,1811
1854,1725
1712,1614
1702,1602
1579,1521
1531,1438
1437,1357
1337,1237
1268,1214
1160,1107
1101,1033
1011,925
926,880
857,791
792,751
758,688
679,648
623,598
583,554
615,539
561,530
553,516
496,517
583,545
540,555
557,577
609,609
648,689
682,704
758,752
806,829
874,938
948,980
1024,1080
1104,1216
1184,1224
1272,1285
1355,1387
1434,1464
1518,1556
1598,1639
1677,1699
1750,1761
1808,1897
1857,1876
1921,1919
1958,1960
1988,1983
1996,2010
2022,2039
2014,2024
2040,2007
2018,1999
1994,1990
1962,1945
1932,1888
1889,1854
1870,1793
1775,1737
1713,1672
1613,1589
1598,1530
1501,1421
1412,1310
1325,1295
1251,1219
1161,1095
1078,1012
987,934
914,857
839,814
777,723
709,682
670,637
626,596
590,547
557,543
541,516
529,514
505,512
532,521
560,548
604,594
617,630
626,677
690,712
757,775
835,829
883,898
971,997
1014,1068
1118,1159
1217,1232
1271,1312
1364,1399
1451,1471
1533,1571
1617,1639
1696,1703
1745,1736
1812,1840
1871,1867
1921,1946
1923,1973
1988,1986
2001,2016
2030,1972
2017,2028
2029,2024
2020,1997
2002,1957
1960,1941
1899,1886
1879,1839
1831,1789
1754,1723
1702,1652
1583,1577
1562,1495
1481,1460
1396,1360
1306,1249
1231,1202
1160,1086
1044,1010
984,932
909,804
828,794
822,735
718,673
667,626
622,591
583,536
579,532
539,510
524,474
485,518
533,532
543,556
582,594
623,624
656,684
699,740
765,770
820,844
896,896
948,1005
1052,1089
1135,1193
1223,1245
1292,1330
1386,1417
1463,1508
1535,1570
1597,1651
1701,1704
1728,1777
1825,1863
1880,1889
1923,1958
1964,1971
2001,1999
1961,2006
2023,2029
2036,2026
2100,2012
2013,1995
1993,1969
1964,1931
1927,1893
1871,1839
1825,1776
1754,1713
1675,1635
1624,1558
1557,1455
1457,1403
1362,1322
1307,1257
1215,1151
1137,1090
1061,995
974,933
895,842
825,777
765,726
688,661
644,620
622,590
587,491
561,527
542,514
524,516
513,458
526,539
566,556
583,607
630,644
657,675
713,743
770,795
841,855
909,946
1000,1022
1061,1104
1156,1172
1235,1284
1312,1344
1404,1406
1476,1504
1550,1592
1629,1646
1692,1733
1775,1811
1840,1852
1888,1868
1921,1939
1988,1978
1999,2002
2014,2019
2028,2025
2035,2023
2080,2010
2014,1992
1991,1946
1963,1925
1915,1868
1856,1841
1783,1766
1753,1708
1681,1615
1611,1528
1531,1476
1450,1399
1374,1273
1285,1224
1200,1134
1116,1043
1041,978
958,902
887,827
774,754
765,717
712,655
648,619
599,576
578,552
531,530
530,517
526,517
532,515
536,542
567,555
593,600
628,630
670,678
728,727
783,812
854,886
913,954
1000,1046
1069,1109
1145,1195
1239,1280
1322,1369
1404,1453
1492,1510
1570,1603
1615,1675
1714,1719
1770,1790
1841,1881
1899,1904
1950,1937
1968,1983
1996,2001
1986,2013
2023,2029
2032,2049
2027,2038
2017,1988
1988,1945
1961,1906
1910,1872
1864,1816
1799,1762
1740,1683
1669,1609
1598,1541
1509,1452
1430,1374
1344,1295
1267,1214
1213,1115
1104,1010
1009,967
959,876
878,822
855,761
750,713
690,649
648,598
599,577
573,596
513,519
533,515
530,527
530,523
532,539
573,591
600,604
635,626
683,691
718,752
791,791
859,887
928,977
1014,1041
1086,1125
1172,1198
1267,1286
1338,1374
1433,1447
1500,1504
1574,1623
1673,1674
1713,1742
1765,1811
1845,1867
1915,1889
1949,1946
1970,1979
2009,1972
2014,2023
2031,2012
2028,1980
2020,2014
2005,1989
1980,1972
1942,1938
1885,1867
1849,1802
1791,1710
1702,1688
1651,1610
1575,1529
1442,1455
1422,1374
1320,1220
1229,1220
1168,1120
1104,1086
948,962
908,871
863,814
797,735
730,707
707,645
636,599
602,570
574,535
543,518
522,546
527,516
513,531
543,543
578,577
615,612
644,650
686,669
739,761
851,801
870,894
927,962
1025,1048
1086,1141
1170,1219
1266,1296
1345,1396
1429,1538
1533,1546
1589,1623
1669,1691
1736,1768
1791,1824
1851,1865
1900,1912
1971,1957
1983,1970
1997,1982
2036,2025
2027,2023
2028,2031
2019,2008
1992,1997
1971,1962
1957,1906
1895,1867
1845,1779
1779,1746
1716,1660
1633,1590
1574,1553
1494,1440
1420,1365
1325,1272
1231,1182
1158,1098
1086,1023
1027,880
921,877
845,802
801,738
722,707
674,639
635,596
596,562
550,533
540,539
507,518
522,524
535,509
542,550
557,581
609,655
672,655
696,701
747,769
807,842
896,908
958,970
1041,1074
1118,1162
1195,1220
1280,1324
1348,1399
1451,1487
1534,1552
1601,1635
1672,1717
1750,1753
1805,1826
1865,1886
1910,1936
1949,1986
1957,1992
2013,2005
2034,2034
2055,2023
2029,2023
2029,2010
2027,1972
1968,1937
1937,1899
1910,1849
1832,1785
1770,1719
1703,1660
1635,1587
1558,1515
1434,1425
1389,1336
1312,1270
1225,1183
1152,1113
1074,1012
992,945
939,830
844,782
774,759
716,676
677,590
630,592
577,550
558,544
532,520
442,514
526,490
537,511
583,547
579,597
605,658
684,660
697,723
761,777
829,868
896,921
970,1000
1044,1078
1128,1167
1208,1239
1310,1320
1371,1429
1481,1494
1533,1569
1612,1644
1662,1706
1754,1772
1807,1818
1867,1887
1912,1920
1962,1990
1988,1973
2013,2003
2023,2027
1996,2025
2027,2008
2015,1993
1989,1960
1962,1934
1934,1901
1880,1846
1817,1780
1766,1694
1682,1648
1624,1571
1554,1495
1482,1412
1353,1324
1296,1246
1221,1180
1145,1082
1055,1002
974,918
896,848
830,778
761,707
706,668
660,631
618,592
588,537
558,540
532,502
524,517
517,532
535,526
561,535
596,588
618,622
665,676
713,726
765,800
811,856
896,926
978,1010
1077,1088
1132,1158
1207,1254
1309,1335
1409,1421
1468,1478
1541,1582
1636,1647
1700,1722
1769,1750
1835,1841
1876,1888
1924,1938
1964,1971
2023,1998
2017,2040
2026,1998
2036,2038
2040,2006
2010,1990
1975,1969
1954,1932
1914,1879
1873,1840
1869,1764
1742,1795
1677,1636
1615,1561
1526,1530
1426,1378
1412,1313
1291,1232
1226,1147
1130,1063
1039,995
931,838
893,830
748,782
748,708
705,666
649,613
609,573
587,544
554,522
549,492
522,522
540,545
540,544
494,508
608,571
626,613
621,626
722,731
778,792
856,866
916,954
992,1009
1070,1121
1161,1185
1226,1276
1317,1348
1399,1426
1492,1517
1561,1594
1638,1659
1715,1741
1770,1790
1832,1844
1873,1912
1939,1904
1970,1969
1992,2006
2018,2022
2027,2023
2032,2028
2024,2016
2013,1993
1991,1958
1955,1911
1923,1880
1857,1813
1805,1759
1747,1690
1667,1564
1612,1545
1546,1460
1444,1382
1352,1297
1285,1216
1190,1138
1130,1063
1026,1002
947,882
878,824
818,747
744,708
713,650
648,594
612,574
579,537
539,521
524,521
541,504
539,520
537,537
565,566
592,608
646,642
679,681
732,751
791,817
869,913
906,957
1013,1036
1104,1115
1169,1181
1245,1283
1361,1352
1344,1455
1503,1522
1574,1601
1657,1665
1702,1743
1782,1815
1847,1862
1893,1909
1927,1949
2002,1983
1997,2008
2023,2018
2053,2031
2033,2021
2027,2012
1999,2014
2020,1954
1949,1909
1906,1859
1858,1815
1791,1742
1740,1624
1672,1587
1590,1516
1513,1464
1443,1399
1340,1286
1272,1210
1182,1117
1092,1040
982,951
937,868
844,814
791,778
742,708
670,629
641,600
598,578
572,524
553,529
484,519
523,518
522,527
542,543
573,574
588,615
639,657
682,701
757,752
810,821
867,873
916,951
1010,1055
1095,1123
1174,1215
1264,1352
1356,1375
1408,1459
1514,1517
1580,1628
1631,1686
1736,1759
1792,1842
1848,1854
1921,1909
1948,1966
1979,1987
1988,2004
2035,2026
2035,2019
2121,2014
2030,1999
2020,1973
2006,1945
1923,1903
1901,1858
1843,1801
1766,1734
1720,1696
1661,1587
1575,1527
1494,1447
1418,1348
1337,1272
1246,1185
1166,1103
1079,1028
1003,932
927,877
817,812
792,749
735,684
690,642
635,596
592,547
557,534
543,524
531,517
521,523
534,541
557,555
580,570
617,609
648,632
683,714
687,756
809,830
875,939
976,981
1031,1057
1113,1145
1182,1228
1279,1306
1359,1454
1448,1477
1518,1556
1596,1632
1669,1699
1748,1751
1806,1830
1857,1872
1944,1931
1981,1960
1989,2002
2009,2009
2027,2021
2036,2003
2020,2004
2023,2021
2005,1973
1968,1923
1936,1895
1909,1849
1841,1737
1776,1733
1709,1656
1639,1587
1586,1512
1488,1424
1396,1344
1323,1245
1231,1174
1148,1110
1176,1021
1003,943
885,884
835,789
771,727
719,680
670,636
635,598
583,545
561,535
578,517
531,524
532,517
532,553
557,576
583,611
589,621
644,669
696,718
776,769
818,855
908,911
941,963
1022,1083
1122,1165
1206,1244
1278,1302
1365,1414
1449,1478
1533,1567
1610,1644
1688,1699
1755,1771
1804,1842
1872,1893
1965,1922
1947,1971
1981,2005
2001,1962
2022,2023
2039,1995
2041,2021
2036,2001
1992,1971
1974,1943
1875,1893
1867,1847
1799,1776
1765,1721
1702,1636
1628,1582
1534,1502
1470,1414
1397,1331
1301,1220
1221,1160
1141,1074
1061,1006
1005,926
908,855
766,783
770,704
711,675
661,654
617,584
574,561
560,552
561,511
526,527
541,505
505,534
552,552
588,603
591,611
661,674
713,730
765,753
832,855
899,885
974,1024
1061,1080
1131,1164
1230,1245
1309,1321
1388,1426
1438,1512
1545,1572
1616,1657
1687,1725
1779,1787
1823,1824
1877,1888
1938,1937
1972,1930
1993,1986
2018,2016
2027,2087
2041,2029
2009,1996
2007,1986
1996,1957
1953,1931
1941,1883
1877,1836
1820,1769
1760,1734
1688,1631
1624,1556
1518,1481
1442,1400
1387,1310
1289,1227
1212,1153
1129,1106
1041,989
971,891
897,834
818,754
762,721
709,705
657,618
608,587
581,533
549,532
531,521
513,509
531,523
531,542
585,567
587,583
623,634
659,667
716,736
777,785
844,861
914,941
992,1014
1061,1094
1128,1176
1226,1260
1309,1452
1363,1399
1480,1508
1557,1583
1628,1641
1676,1721
1775,1794
1844,1849
1887,1946
1936,1945
1971,1974
1990,2017
2016,2008
2051,2023
2037,2018
2027,1995
2019,1977
1988,1960
1959,1937
1876,1837
1862,1823
1792,1768
1741,1710
1687,1633
1604,1495
1505,1478
1444,1384
1363,1309
1274,1229
1199,1103
1122,1063
1044,1001
985,905
888,834
807,785
745,710
701,663
639,611
592,578
582,564
569,528
531,526
531,515
542,524
548,527
560,568
594,600
633,635
661,700
711,752
791,808
873,895
921,910
984,1030
1078,1114
1180,1194
1244,1255
1322,1357
1409,1451
1485,1524
1614,1597
1640,1665
1716,1738
1754,1790
1832,1858
1889,1856
1934,1948
1974,1976
1988,1997
2017,1987
2007,2016
2031,1997
2014,2010
2040,1991
1982,1956
1936,1910
1905,1867
1858,1846
1801,1755
1753,1678
1665,1618
1600,1526
1519,1459
1440,1374
1348,1322
1262,1211
1182,1128
1105,1029
1022,944
939,906
864,831
800,733
739,687
686,648
637,607
637,570
565,539
541,518
540,511
532,521
531,544
556,530
561,572
609,610
653,651
677,698
726,754
794,820
861,889
948,959
1018,1017
1089,1125
1143,1216
1260,1283
1376,1371
1426,1455
1506,1582
1584,1635
1661,1649
1729,1755
1792,1811
1847,1862
1899,1893
1944,1989
1975,1989
2009,1989
2024,2022
2068,2019
2036,2036
2016,2009
2032,1969
1986,1945
1937,1951
1897,1867
1836,1801
1782,1723
1728,1674
1657,1582
1584,1528
1516,1447
1409,1364
1333,1282
1257,1192
1181,1117
1078,1029
1017,958
931,880
864,821
801,794
755,687
671,646
641,575
593,563
574,534
532,518
508,525
530,517
535,537
570,549
557,573
601,616
635,671
685,703
744,766
795,830
897,898
950,985
1026,1048
1156,1141
1202,1219
1262,1297
1364,1392
1441,1465
1509,1542
1585,1600
1667,1687
1737,1763
1798,1821
1858,1867
1906,1919
1947,1965
1975,1982
2018,2022
2026,2022
2038,2023
2029,2019
2015,2006
2002,1979
1993,1948
1935,1894
1926,1862
1840,1798
1783,1738
1695,1665
1656,1594
1560,1521
1495,1452
1402,1348
1318,1265
1238,1211
1187,1119
1080,1018
1005,939
923,876
848,793
792,796
713,678
674,630
635,595
580,568
560,549
558,519
528,510
531,505
532,530
556,545
578,596
610,622
650,655
687,718
752,783
806,837
879,883
953,977
1037,1058
1124,1147
1190,1242
1314,1317
1364,1418
1459,1485
1531,1557
1602,1634
1676,1713
1766,1755
1806,1842
1864,1882
1916,1914
1962,1959
1931,1995
2014,2010
2007,2034
2019,2024
2036,2022
1994,1984
1986,1970
1962,1918
1923,1905
1884,1863
1832,1785
1753,1844
1702,1649
1703,1576
1560,1498
1475,1429
1394,1348
1311,1259
1231,1168
1207,1089
1083,1015
987,911
901,858
857,783
770,725
722,674
678,616
628,577
581,551
565,540
521,521
526,518
514,519
532,534
552,555
583,635
626,622
650,679
702,727
765,780
823,847
897,920
974,1015
1044,1129
1128,1216
1213,1249
1286,1331
1316,1408
1529,1491
1545,1549
1625,1651
1672,1717
1758,1777
1844,1815
1896,1896
1910,1931
1953,1964
1999,1995
2015,2009
2025,1997
2013,2019
2032,2012
2014,2045
1994,1932
1966,1932
1926,1977
1779,1840
1828,1778
1756,1724
1702,1659
1624,1565
1545,1481
1478,1439
1385,1323
1301,1231
1205,1167
1135,1081
1052,996
973,922
900,833
826,794
819,723
709,660
661,641
618,544
565,550
557,532
534,507
552,492
524,556
531,531
561,584
596,595
616,649
659,633
722,748
787,784
818,881
909,932
1003,1019
1064,1058
1142,1171
1216,1269
1303,1337
1396,1429
1470,1510
1532,1586
1628,1669
1753,1725
1741,1781
1831,1816
1889,1893
1924,1944
1960,1972
2010,2006
2017,2021
2014,2027
2030,2028
2019,2017
2014,1970
1989,1967
1950,1895
1916,1904
1870,1854
1821,1739
1752,1703
1686,1636
1624,1556
1536,1472
1456,1387
1371,1308
1258,1233
1206,1121
1116,1067
1039,968
955,906
857,845
822,763
784,698
699,662
649,647
609,555
573,544
543,528
514,508
523,503
506,513
530,543
557,570
594,594
635,632
675,673
726,736
778,783
852,855
906,929
1002,1024
1067,1126
1148,1173
1222,1268
1333,1348
1407,1452
1497,1526
1567,1592
1624,1658
1707,1738
1780,1818
1832,1856
1858,1905
1936,1947
1966,1997
1990,1997
2014,2014
2014,2021
2037,2015
2025,2060
2018,1990
1988,1960
1936,1927
1918,1870
1867,1824
1801,1756
1714,1699
1668,1618
1626,1543
1522,1472
1443,1374
1350,1296
1275,1217
1183,1127
1122,1049
1015,986
948,897
869,828
803,778
748,709
698,655
648,616
599,570
552,551
513,513
557,515
537,535
500,525
529,537
569,594
591,607
635,624
676,752
726,752
797,821
855,881
909,903
1009,1035
1091,1133
1187,1207
1257,1288
1335,1387
1418,1452
1492,1529
1581,1623
1656,1660
1771,1753
1791,1811
1861,1871
1936,1909
1949,1949
1977,2003
2006,2019
1997,2024
2032,2068
2038,2018
2023,1983
1999,1972
1976,1959
1962,1921
1909,1872
1858,1841
1799,1746
1727,1672
1661,1625
1574,1533
1513,1472
1424,1367
1347,1276
1264,1206
1179,1121
1092,1041
1028,957
927,859
871,817
794,737
739,700
696,646
639,617
605,573
574,543
557,516
539,517
527,500
527,530
555,548
514,531
604,613
642,688
693,705
741,753
816,840
871,896
935,967
1035,1049
1118,1125
1180,1219
1322,1297
1372,1376
1430,1448
1489,1549
1586,1618
1658,1691
1755,1763
1804,1817
1859,1881
1936,1912
1949,1953
1980,1977
1994,2009
2031,2011
2039,2024
2012,2025
2020,2001
2002,1975
1971,1993
1950,1908
1895,1862
1844,1793
1810,1734
1716,1674
1649,1594
1583,1504
1494,1452
1396,1345
1337,1274
1262,1192
1152,1085
1096,1021
1003,947
922,876
836,813
791,730
691,692
717,625
648,600
597,570
539,550
510,530
528,519
523,505
540,538
557,547
557,582
607,598
669,648
690,705
757,766
778,834
871,907
953,952
1105,1063
1078,1133
1200,1219
1286,1319
1359,1397
1443,1478
1528,1551
1611,1636
1660,1691
1741,1764
1788,1844
1867,1875
1892,1931
1949,1918
1989,1988
2005,2005
2026,2020
2058,2024
2031,2018
2018,1992
1987,1969
1975,1970
1897,1879
1888,1854
1820,1789
1773,1729
1716,1655
1636,1584
1572,1556
1487,1427
1394,1347
1316,1259
1234,1180
1156,1090
1073,1028
1009,935
913,868
844,785
739,741
724,674
672,633
622,594
584,570
566,477
533,500
573,511
517,517
532,546
513,553
578,606
617,595
609,661
700,737
773,796
848,838
905,912
970,954
1013,1104
1131,1162
1205,1271
1293,1318
1374,1414
1447,1476
1552,1560
1613,1647
1675,1712
1754,1781
1800,1840
1871,1866
1903,1945
1980,1980
1971,1996
2030,2016
2026,2036
2029,2023
2049,2012
2020,1996
2003,1969
1966,1879
1967,1893
1876,1844
1823,1778
1765,1738
1703,1649
1630,1582
1558,1504
1470,1406
1389,1317
1309,1250
1225,1164
1155,1082
1039,999
1039,870
914,852
829,778
776,725
727,636
657,633
626,596
589,568
519,524
531,516
521,522
480,492
539,526
567,538
584,590
617,626
648,671
709,726
787,765
834,851
895,905
974,1014
1077,1081
1100,1173
1219,1279
1300,1341
1393,1442
1495,1498
1552,1568
1624,1649
1693,1717
1787,1772
1801,1847
1879,1889
1945,1934
1959,1971
1984,1994
2015,2049
2057,2023
2045,2027
2020,2007
2009,2012
2001,1964
1958,1948
1931,1892
1868,1812
1812,1789
1749,1712
1680,1660
1604,1561
1541,1500
1467,1425
1392,1322
1292,1232
1266,1158
1140,1089
1052,989
979,909
896,829
816,778
757,715
699,661
653,621
602,574
575,536
558,530
535,518
519,511
536,523
543,565
562,569
594,603
626,633
660,689
727,735
765,786
831,858
911,933
992,1011
1070,1098
1213,1189
1236,1269
1330,1336
1400,1439
1491,1445
1558,1578
1636,1664
1686,1734
1768,1789
1849,1859
1884,1897
1935,1952
1971,1985
2005,2012
2015,2028
2027,2025
2033,2047
2027,2012
2006,1991
1994,1957
1978,1907
1940,1872
1853,1841
1788,1753
1739,1696
1667,1613
1611,1541
1520,1472
1453,1374
1355,1302
1284,1207
1209,1135
1104,1060
1031,980
945,909
899,831
804,770
736,709
700,657
626,611
604,568
572,547
573,504
539,505
527,511
511,521
543,535
535,544
586,594
636,650
687,697
748,731
780,799
741,881
926,958
998,1050
1137,1113
1156,1205
1245,1318
1325,1371
1405,1441
1496,1530
1557,1608
1648,1674
1721,1738
1776,1806
1841,1862
1896,1906
1938,1950
1988,1976
2006,1986
2012,2018
2035,2020
2031,2026
2023,2009
1940,2001
1979,1956
1950,1899
1908,1879
1869,1789
1797,1738
1737,1683
1662,1555
1600,1543
1496,1452
1432,1374
1353,1286
1255,1213
1169,1133
1102,1040
1017,1018
935,963
866,830
806,757
742,684
687,648
639,609
598,571
565,546
549,519
527,516
554,518
521,519
553,596
568,568
502,609
621,663
686,710
742,756
787,808
810,843
940,959
1000,990
1088,1093
1191,1207
1264,1262
1338,1374
1442,1463
1502,1549
1581,1608
1661,1712
1728,1756
1786,1792
1861,1858
1896,1906
1947,1953
1984,1993
2004,2041
2018,2016
2015,2023
2036,2021
2027,2003
2050,1979
1994,1943
1936,1906
1903,1813
1847,1795
1776,1750
1729,1667
1632,1594
1574,1504
1514,1466
1438,1364
1333,1273
1241,1194
1166,1083
1092,1035
1013,939
930,872
883,804
791,744
726,693
669,645
636,596
592,568
562,535
549,522
513,505
530,518
526,525
556,567
559,571
609,627
656,648
679,705
709,770
803,805
878,896
944,962
1023,998
1103,1127
1190,1219
1269,1298
1373,1383
1435,1452
1520,1542
1602,1602
1682,1692
1748,1764
1806,1825
1853,1871
1924,1924
1948,1955
2007,1986
2014,2011
2051,1995
2043,2021
2038,2019
2027,2003
1980,1971
1966,1923
1946,1931
1887,1849
1843,1790
1777,1727
1706,1678
1592,1582
1567,1500
1486,1435
1418,1325
1261,1270
1265,1193
1145,1089
1066,1011
1000,924
914,868
857,804
783,765
722,679
670,639
638,597
626,570
561,536
542,516
521,537
528,514
495,537
557,568
574,590
617,618
648,636
703,709
769,786
822,857
883,911
986,993
1044,1065
1121,1151
1200,1229
1283,1322
1342,1403
1448,1515
1526,1565
1609,1634
1651,1712
1748,1765
1814,1856
1868,1863
1936,1919
1966,1964
1987,1994
2014,2019
2029,2027
2031,2024
2062,1957
2014,1986
1994,1948
1988,1938
1936,1893
1882,1806
1831,1785
1754,1722
1702,1714
1624,1579
1552,1500
1483,1408
1394,1338
1309,1254
1200,1175
1143,1116
1053,1006
985,920
906,893
839,726
793,726
713,672
661,633
635,590
585,554
575,527
532,508
503,516
523,506
522,532
557,533
622,605
610,632
660,689
678,714
765,778
839,863
900,914
977,1011
1052,1087
1144,1168
1235,1257
1298,1323
1387,1387
1483,1491
1546,1571
1610,1647
1704,1714
1765,1776
1832,1843
1978,1892
1916,1926
1965,1970
1936,1990
2023,2021
2014,2061
2036,2019
2029,2014
2012,1995
1999,1963
1962,1932
1922,1892
1870,1827
1825,1839
1746,1704
1702,1642
1625,1571
1545,1493
1449,1354
1374,1310
1296,1245
1212,1149
1135,1078
1062,1010
970,918
900,851
832,778
757,719
712,670
613,622
648,602
585,552
587,520
531,513
529,536
687,525
502,533
557,563
591,592
628,635
676,669
718,759
771,791
825,871
916,933
989,1012
1056,1089
1146,1180
1233,1249
1307,1344
1397,1421
1453,1503
1560,1587
1627,1669
1709,1735
1758,1787
1831,1869
1888,1894
1923,1937
1953,1982
1992,2012
2018,2017
2056,2010
2027,2023
2057,2014
2014,1992
1976,1998
1932,1920
1919,1870
1869,1790
1812,1759
1753,1674
1688,1623
1601,1556
1530,1478
1463,1386
1366,1311
1285,1242
1183,1158
1119,1064
1026,988
947,894
879,795
841,772
755,712
703,656
635,615
584,556
575,579
600,546
536,516
541,521
531,474
540,540
